sample,#,depth,Dg,Ig,Ds,Is,Lat,Lon
G1366,1,3325.4,210.8,-68.3,249.2,-26.9,-24.9,6.1
G1365-1,2,3323.4,94.5,-73.3,267.6,-56.6,-19.8,336.1
G1362,3,3317.4,177.7,-14.2,189.5,-10.9,-63.1,77
G1361,4,3315.4,193.1,-36.5,216.2,-14,-48.7,35.7
G1360,5,3313.4,205.1,5.3,192.6,22.5,-45.8,80.5
G1359,6,3311.4,179.9,-37.3,210.2,-23,-56.3,35.7
G1358,7,3309.9,201.5,-37.5,221.5,-9.7,-43.2,33.4
G1357,8,3309.4,178.5,-11.5,187.9,-8.6,-62.5,81.1
G1353,9,3299.4,176.8,20.4,162.2,10.6,-50,126.6
G1352-2,10,3297.4,177.4,-29.9,202.4,-20.5,-61,47.8
G1351,11,3293.4,177,-38.7,210.2,-25.6,-57.2,33.6
G1350,12,3291.4,188.1,-51.6,224.6,-21.1,-44.2,24.2
G1349,13,3289.4,180,-36.9,208.1,-17.8,-56,42
G1347,14,3283.4,175,-32.7,202.2,-19,-60.5,49.2
G1346-2,15,3281.4,193.5,-10.7,194.8,7.9,-52.4,73.6
G1345,16,3277.4,204.7,-4.4,197.6,20.3,-45.4,73.3
G1344,17,3275.4,195.7,-23.5,205.9,1.1,-50.1,55.4
G1342,18,3271.4,266.3,12.4,267.9,65.4,20.9,52
G1341,19,3269.4,166.8,-28.7,194.6,-22.9,-66.8,59.6
G1340,20,3267.4,186.5,7.1,176.3,13.5,-52.1,104.3
G1339,21,3266,170.9,-34,201.5,-22.5,-62.4,47.5
G1338,22,3264,175.1,-52.5,221.2,-28.5,-49.3,21.4
G1337,23,3261,156.4,13.7,152.9,-6,-52.2,146.2
G1336,24,3259,189.7,-43.2,218.1,-15.3,-47.6,33.2
G1332,25,3251,178,-33.8,204.6,-17.5,-58.3,46.8
G1331,26,3249,160,-6.5,171.1,-15.8,-65.7,120.2
G1330,27,3247,184.5,11.8,171,14.6,-50.8,112.5
G1329,28,3245,145.5,-36.8,194.1,-42.5,-76.1,31.4
G1327-2,29,3240.8,216.8,-75.9,253.3,-27.1,-21.5,4
G1326,30,3238.8,193.7,-47.3,223.1,-15.5,-43.7,28.8
G1325,31,3236.8,209.4,-81,256.3,-31.6,-20.2,359.9
G1322,32,3230.8,207.6,-40.7,225.1,-3.8,-38.5,33.5
G1321,33,3228.8,161.2,-42.9,206.6,-33.3,-62.8,29.8
G1315,34,3216.8,167.8,-34.6,200.6,-25.1,-64.1,46.7
G1314,35,3214.8,157.2,-51.5,215.8,-38.5,-56.8,15.6
G1313,36,3212.8,35.4,40.1,49.4,-0.4,33.8,212.2
G1312,37,3210.8,202.4,-24.7,211,4.8,-45.5,51
G1311,38,3208.8,174.4,-55.3,223.9,-29.9,-47.4,18.3
G1309,39,3204.8,207.8,-61.7,240.1,-19,-30.6,15.4
G1308,40,3202.8,196.4,-49.6,226.2,-15.6,-41.3,26.3
G1307-2,41,3200.8,180,-52.9,223.1,-26,-46.9,21.9
G1306,42,3198.8,185.2,-66.4,238,-29.7,-35.3,10.1
G1304-1,43,3194.8,174.4,-10.1,182.8,-6.5,-62.3,92.3
G1303,44,3192.8,167.3,-40.2,206,-28,-61.3,36.3
G1302,45,3190.8,156.4,-5.9,168.4,-18.3,-66,127.5
G1301-1,46,3188.8,154.6,-46.4,208.8,-38.9,-62.8,20.4
G1300,47,3186.8,166,-26,191.6,-22.1,-67.8,66.8
G1299,48,3184.8,160.8,-67.2,236.1,-39.1,-39.5,4
G1298,49,3182.8,202.7,-64.6,236.8,-23.7,-34.7,14.6
G1296-2,50,3178.8,140.9,27.8,130.7,-1.7,-34.6,165.3
G1295-2,51,3176.8,344.9,16.6,359.7,14.4,66.5,279
G1294-1,52,3173.8,330.6,10.4,345.6,21.5,66.2,315.5
G1293,53,3172.8,358.3,40.2,26.8,19.3,57.5,222.6
G1292-1,54,3170.8,344.1,64.9,47.6,38,46.5,189.1
G1291-1,55,3168.8,353.3,40.5,24.7,22.6,60.2,222.8
G1290-2,56,3166.8,358.5,45.5,31.5,22.2,55.1,214.9
G1289,57,3164.8,11.9,29.7,26.1,4,52,232.7
G1288,58,3162.2,353.1,54,37.5,29.7,52.7,203.2
G1287,59,3160.2,353.6,-11.1,343.7,-9.8,51,304.7
G1286,60,3158.5,13.4,63.4,52.7,26,38.8,195.6
G1285-1,61,3156.5,20.9,56.2,49.8,18.3,39.1,202.2
G1284-1,62,3154.5,341,7.7,350.2,11.8,63.5,300.6
G1283,63,3152.5,340.8,12,353.5,14.7,65.8,294.2
G1282-1,64,3150.9,345.7,52.6,33.8,33.1,56.8,203
G1281,65,3148.3,325.4,31.2,2.2,37.2,79.7,266.7
G1280-1,66,3144.8,344.4,25.5,6.9,20.1,68.5,259.5
G1279-1,67,3143.3,324.4,33.7,4.5,39.2,80.4,252.3
G1278,68,3141.3,337.5,-13.8,331.5,0.4,49.1,325.1
G1277,69,3139.3,340.7,39.1,17.7,30.1,68.2,226.6
G1276,70,3137.3,346.8,28.6,11,20.2,67.2,249.4
G1275-1,71,3135.3,9.3,76.5,64.5,34.5,31.1,183.6
G1274,72,3133.3,343.6,51.6,32,33.8,58.6,203.9
G1273,73,3131.3,38.3,44.9,51.9,2.8,32.8,208.9
G1272-2,74,3129.3,6.7,60,47.6,26.5,43.3,198.4
G1271,75,3127.3,358.8,22.2,12.6,7.7,60.5,252.1
G1270,76,3125.3,6.3,28.2,21.6,6.5,55.7,237.6
G1269,77,3123.3,13.5,31.5,28.4,4.3,50.7,229.7
G1268,78,3121.3,330.3,33.1,6.7,34.6,76.7,249.6
G1267-1,79,3119.9,344.6,56.4,37.7,35.1,54.2,198
G1266,80,3117.9,347.3,38.6,20.1,25.4,64.5,227.2
G1265,81,3115.9,343.6,47.6,28.9,32.1,60.5,208.7
G1264,82,3113.9,52.5,49.9,63.1,2.3,23.5,201.8
G1263-2,83,3111.6,321.6,23.5,353,37,78,311.6
G1262-1,84,3109.6,51.1,46.7,61,-0.2,24.5,204.3
G1261,85,3107.6,347.2,44.1,26.4,28.3,61.1,215.5
G1260,86,3105.8,23.8,34.4,37.1,0.4,43.4,222.2
G1259-2,87,3103.1,357.2,54.3,40.2,27.5,49.8,202.9
G1258,88,3101.1,11.7,38.3,32.7,10.1,49.9,221.6
G1257,89,3099.1,350.7,44,27.8,26.1,59.3,215.9
G1256,90,3097.1,343,58.1,40.5,36.2,52.1,195
G1255,91,3095.1,354.8,20.2,9.1,9.8,62.7,258.2
G1254-2,92,3093.1,357.3,22.7,12.7,9.5,61.3,251.1
G1253,93,3091.1,348.8,28.4,12.7,19,65.8,246.3
G1252,94,3089.1,348.1,49.6,32.4,30.4,57.1,207
G1251-1,95,3087.1,319.1,59.3,39.9,48.6,55.7,180
G1250-2,96,3085.1,5.5,35.8,27.5,12.2,54.3,226.4
G1249,97,3083.1,328.7,51.9,30.2,42.6,62.7,193.8
G1248,98,3081.1,333.2,30.2,9.9,38.4,77.2,232.1
G1247,99,3079.1,5.9,21.5,20.3,9.3,57.6,238.1
G1246,100,3078.1,3.5,16.4,14.8,7.9,59.7,247.9
G1245,101,3076.1,350,21.1,10.6,20.9,67.7,249.9
G1244,102,3074.1,34.3,39.2,50.1,4.2,34.7,209.5
G1243,103,3072.1,351.5,49.1,38.6,34,53.1,198.4
G1242,104,3070.1,352.2,50.4,40.2,34.2,51.8,197.1
G1241,105,3068.1,2.8,39.8,33.9,22.5,53.3,212.3
G1240,106,3066.1,124.8,-0.5,137.6,-39.4,-51.4,186.1
G1239,107,3063.7,348.9,23.1,11.7,22.8,68.2,246.1
G1238,108,3062.1,196.2,-24.7,208.9,-4.3,-50.4,49.1
G1237,109,3061.1,158.5,-13.8,177.1,-25.2,-72.2,107.6
G1236-1,110,3058.1,174.4,-42.3,212.5,-29.2,-56.7,28
G1235,111,3056.1,196.1,-8.4,196.9,6.6,-52.2,70
G1234,112,3054.1,152,-43.2,205.3,-44.6,-67.4,13.7
G1233,113,3052.3,183.6,-43.9,217.9,-24.3,-50.7,27.2
G1232,114,3050.3,178.2,-44.6,216.3,-27.9,-53.1,25.7
G1231-2,115,3048.6,172.9,-2.6,177.4,-7.1,-62.6,103.9
G1230,116,3046.1,218.2,-15.7,219.7,11.9,-37.1,45.5
G1229,117,3044.1,162.7,-64.8,244.8,-45.3,-33.9,354.9
G1228,118,3042.1,130.8,-70.6,260.2,-54.1,-24.3,341.1
G1227,119,3040.1,170.6,-23.2,196.6,-27.5,-67.7,51.5
G1226,120,3038.5,139.9,-13.6,165.2,-45.3,-76.4,174.7
G1225,121,3036.5,207.9,-60.7,247.5,-24.8,-25.8,8.2
G1224-1,122,3034.5,165.1,-38.9,210.5,-39.1,-61.4,18.7
G1223,123,3032.5,172,-23.5,197.7,-26.5,-66.6,50.4
G1222,124,3030.5,44.8,33.5,56.1,-2.3,27.9,208.4
G1220,125,3026.5,172.4,20.4,162.6,1.4,-54.4,129.2
G1219,126,3024.5,10.6,-20.1,353.7,-14.4,51.4,288.3
G1218,127,3022.5,167.2,63.2,125.9,26,-21.6,156.1
G1217,128,3020.5,161.1,24.4,152.4,-3.5,-50.9,145.6
G1216,129,3018.5,348,57,54.3,42.3,41.9,181.9
G1215-1,130,3016.5,10.4,11.4,18.4,5.3,56.9,243.1
G1214,131,3014.5,46,13.2,43.9,-18.7,31.6,224.9
G1211-1,132,3008.5,339.3,67.9,69.4,46.3,30.4,172.3
G1210,133,3006.5,1.6,12.5,13.9,12.8,62.4,247.3
G1209,134,3004.5,16.5,15.4,25.3,3.2,52.2,234.1
G1208,135,3002.5,329.6,41.9,29.4,51.2,65,178.2
G1207,136,3000.5,7.4,25.6,28.1,16.2,55.4,223.1
G1206,137,2998.5,8.8,25.3,28.6,15,54.6,223.3
G1205,138,2996.5,9.5,48,49.3,27,42,197
G1204,139,2994.5,7.6,30.7,32.5,19,53.2,216.2
G1203,140,2992.5,12.8,42.2,45.2,22,44,203.1
G1202,141,2990.5,0.1,25.7,24.2,21.7,60.2,224.2
G1201,142,2988,1.3,27,26,21.4,58.9,222
G1200,143,2986,352.3,16.1,11.2,22.1,68,247.7
G1199,144,2984,11.9,5.3,14.6,0.3,56.3,251.3
G1198,145,2982,9.8,-1.7,7.8,-2.5,57.1,263.9
G1196-2,146,2978,321.2,34.3,13.9,55.3,77.4,161.3
G1195,147,2976,304.4,63.2,73.5,61.1,31.7,154.9
G1194,148,2974,2.3,40,38.7,27.6,51.1,204
G1193,149,2972,0.6,44,42.1,30.6,49.1,199
G1192,150,2970,339.2,32.6,20.5,40.9,70.3,205.5
G1191-1,151,2968.5,22.9,32.2,42,9.6,42.8,213.1
G1190,152,2966.5,254.6,70.6,111.6,56.1,3,146.6
G1189,153,2964.5,357.7,33.9,30.6,27.7,57.7,211.3
G1188-2,154,2962.5,8.2,25.5,28.5,15.5,54.9,223.1
G1187,155,2960.5,15.9,66.4,70,32.3,25.8,182.5
G1186,156,2958.5,359.1,20.1,18.7,19.2,62.8,234.7
G1185-1,157,2956.5,37.3,32.1,50.4,0.7,33.4,211
G1184,158,2955.5,38.4,-3.5,25.5,-25.6,39.4,245.5
G1183,159,2952.5,39.2,43.6,59.3,8.2,28.3,201.4
G1182-2,160,2950.5,4,36.1,35.6,24.5,52.6,209.1
G1181,161,2948.5,358.8,38.2,35.4,29.2,54.3,205.4
G1180,162,2946.5,335.9,44.4,34.7,47.3,59.9,183.9
G1179,163,2944.5,355,50.5,47.4,36.6,46.3,190.5
G1178-1,164,2942.5,349,23,15.6,28.6,68.9,232.3
G1177,165,2940.5,15.4,1.1,13.5,-5,54.3,254.8
G1176,166,2938.5,284.7,-5.6,287.5,45,27.4,24.4
G1175,167,2936.5,22.7,12.3,26.8,-3.4,48.7,235.3
G1174,168,2934.5,351,36.2,30,33.7,60.2,205.8
G1173,169,2932.5,9.3,35.8,37.8,20.7,49.6,209.9
G1172-2,170,2930.5,6.9,35.1,36.1,21.9,51.4,210.6
G1171-2,171,2928.5,24.3,35.1,45,10.6,40.7,210.1
G1170,172,2926.5,3.4,36.9,36.1,25.3,52.5,208
G1169,173,2924.5,1.3,44,42.3,30.2,48.8,199.2
G1168-2,174,2922.5,4.7,25,23,14.2,58,231.2
G1167,175,2920.5,338.6,53.5,41.7,44.9,53.4,184.4
G1166,176,2918.5,348.8,30.9,19.2,29,66.7,225.1
G1165,177,2916.5,41.8,55.2,65,15.2,25.4,194.6
G1164,178,2914.5,27.3,55.3,58.6,20.8,32.4,195.3
G1163,179,2912.5,8.1,27.5,27,13.4,55.1,226.3
G1161-1,180,2908.5,343.8,42.4,29,38.1,62.4,201.3
G1161-2,181,2908.5,338.3,40.3,24.3,41,67.2,201.2
G1160,182,2906.5,333.7,29.8,9.9,39.5,77.8,229.6
G1159,183,2904.1,299.9,36.3,359,67.8,70.1,96.4
G1158,184,2902.1,343.9,34,19.8,34.2,68.4,217.7
G1157,185,2900.1,344.6,44,31.1,38.2,60.7,199.4
G1156,186,2898.1,345.5,40.5,27.5,36,63,205.5
G1155-1,187,2896.1,358.1,43.7,36.1,29.3,53.7,204.7
G1154,188,2894.1,340.3,43,28.4,40.6,63.7,198.2
G1153,189,2892.1,356.4,25.5,18.6,20.4,63.3,234
G1152,190,2889.6,7.1,56,51.7,30.4,40.9,193.1
G1151,191,2888.6,9.1,48.4,45.2,25.4,45,200.8
G1150,192,2886.6,4.3,28.4,24.5,20.2,59.4,225
G1149,193,2884.6,11.3,60.1,56.2,36.2,38.7,186.3
G1148,194,2882.6,4.4,34.9,29.7,24.5,57.2,215.1
G1147,195,2880.6,355.9,20,12.4,20,66.5,246.4
G1146,196,2878.6,10.8,32.4,31.6,18.9,53.8,217.2
G1145,197,2876.6,13.8,31.4,32.8,16.4,52.1,217.7
G1144,198,2874.6,3.9,29.8,25.3,21.4,59.3,223
G1143,199,2872.6,350.1,23.1,10.7,25.9,70.2,246.2
G1142,200,2870.6,356.4,39.3,28.9,32.2,60.6,208.6
G1141,201,2868.6,17.1,36.4,38.5,18.1,48.2,211
G1140,202,2866.6,49.8,61.1,72.4,23.8,21.3,186.2
G1138,203,2862.6,355.7,37.2,26.6,31.4,62.1,212
G1137-1,204,2860.6,16,37.5,38.6,19.5,48.6,210
G1136,205,2858.6,19.1,41.3,43.2,20.5,45.2,205.6
G1135,206,2856.6,14.4,45.8,44.2,26,46,201.1
G1134,207,2854.6,330.5,77.7,77,52.6,26.3,163.7
G1133,208,2852.6,12.2,44.6,42.2,26.4,47.8,202.2
G1132,209,2850.6,353.7,7.8,1.8,12.7,65.5,274
G1131-1,210,2848.6,26.7,51.5,55.1,24.1,36.2,195.3
G1130,211,2846.6,351,37.2,24,34.3,65.2,211.7
G1129,212,2844.6,9.9,60.1,55.7,36.8,39.3,186.1
G1128,213,2842.6,20.7,19.9,29.5,3.7,49.8,228.7
G1127,214,2840.6,356.6,1.4,0.2,8.9,63.6,277.9
G1126,215,2838.6,5.1,2,7.2,4,60.4,263.6
G1125,216,2836.6,356.9,5.8,3.2,12.1,65.1,270.7
G1124,217,2834.6,12.2,32.5,33,22.8,54.1,212.9
G1123,218,2832.6,20.9,32.1,38.6,17.6,48,211.3
G1122,219,2830.6,355.4,23.4,14.3,26.4,68.6,237.3
G1121,220,2829.3,355.3,23.5,14.3,26.5,68.6,237.2
G1120,221,2827.8,33,61.8,67.5,34.3,28.5,182.3
G1119,222,2825.8,29.8,41.2,50.4,20.1,39.1,200.7
G1118,223,2823.8,18.2,44.1,45.6,27.9,45.4,198.7
G1117,224,2821.8,74.8,58,85.6,20.8,9.2,181.2
G1116,225,2819.8,299.8,84.7,95.6,55.9,13.7,153.8
G1115,226,2817.5,112.8,64,105.6,25.5,-6.1,168.7
G1112,227,2811.8,192.3,43.9,159.7,34.4,-36.6,122.4
G1111,228,2809.8,205.8,-2,203.5,8.8,-48.2,61.7
G1109-2,229,2805.8,175.9,-51.1,220.8,-44,-53.9,6
G1108,230,2803.8,184.2,41,157.5,28.1,-39.3,126.9
G1105,231,2797.8,186.3,4.8,182.2,4.9,-56.6,94.3
G1104,232,2795.8,173.3,-6.3,180.9,-12,-65.2,96.2
G1103,233,2792.8,156.7,52.1,129.7,21,-26.2,155.7
G1101,234,2788.8,1,42.3,35.2,30.2,54.8,204.7
G1100,235,2786.3,94.1,20.4,94.2,-24.6,-10.1,197.4
G1099,236,2784.3,359.5,-5.7,356.7,-0.9,58.5,284.6
G1098,237,2782.3,27,54.5,58.1,24.6,33.8,193.3
G1097-2,238,2780.9,350.5,84.6,86.5,46,16.4,165.8
G1096,239,2779.7,67.7,56.1,79.3,13.5,12.7,187.8
G1095,240,2777.7,77.3,28,78.7,-15.4,5.5,200.9
G1094,241,2775.7,329.8,76.2,75.6,51.4,26.9,165.3
G1093,242,2773.7,26.6,52.7,56.4,23.4,34.9,195
G1092-1,243,2769.7,305.3,65,64.2,63.6,38.8,152.8
G1091,244,2767.7,165.9,74,113.4,38.3,-7.4,157.7
G1090,245,2765.7,338.9,26.5,7.3,35.7,77.1,245.9
G1089,246,2763.7,34,38.4,50.5,9.4,35.9,206.6
G1088,247,2761.7,38.7,47.5,59.1,14.5,30.2,198.4
G1087,248,2759.7,15.1,33.5,35.6,16.1,49.8,215
G1086,249,2757.7,345.5,33.3,18.2,35.1,70,219
G1085,250,2755.7,6.7,28.9,27,18.3,57,223
G1084,251,2753.7,223.6,82.9,102.3,49.2,5.7,156.5
G1083,252,2750.7,30.9,41.2,50.5,13,37,204.7
G1082,253,2748.7,13.9,38.3,38.6,20.1,48.8,209.6
G1081,254,2746.7,17.5,20,27.5,5,51.6,230.4
G1080-2,255,2744.7,12.7,69,67.1,38.4,30,179.6
G1079,256,2741.7,353.3,53.7,44.3,40.4,50,188.4
G1078,257,2738.7,353.8,39,28.5,32.8,61.1,208.3
G1077,258,2736.7,23.9,44.2,48.6,18.6,40.2,202.8
G1076,259,2734.7,20.1,40.5,43.8,18,43.9,206.7
G1075,260,2732.7,10.4,29.3,29.6,16.1,54.3,221.4
G1074,261,2730.7,344.8,46.1,32,42.1,61,193.4
G1073,262,2728.7,47.2,44.8,62.4,8.9,25.9,199.2
G1072,263,2726.2,357,18.5,12.6,17.8,65.3,247.3
G1071,264,2724.2,27.4,68.4,70.1,33.6,26,181.6
G1070,265,2722.2,356.1,41.4,32,32.7,58.2,205
G1069,266,2720.8,56.9,42,67.3,3.1,20.2,199
G1068,267,2718.2,6.1,36,32.3,23.3,54.8,213.2
G1067,268,2716.2,328.8,31.6,6,45.9,83.7,221
G1066,269,2714.2,59.8,18.5,59.6,-19.3,19.8,213.7
G1064,270,2710.2,352.2,28.3,17.6,27.6,67.1,229.5
G1063,271,2707.2,0.7,33.1,26.9,24.8,59.5,218.1
G1062,272,2705.2,331.9,29,5.1,42.2,82.1,242.1
G1060,273,2701.2,14.8,54.4,52.7,29.8,39.9,193
G1059,274,2699.2,355.9,29.8,21.1,26,64.1,225.1
G1058,275,2696.7,323.1,35.7,7.4,52,83.5,170.7
G1057,276,2694.7,5.6,31.9,28.7,20.9,56.7,219.1
G1056,277,2692.7,21.9,58.2,58.9,29.1,34.4,190
G1055,278,2690.7,7.3,54.6,45.3,35.3,47.8,192.9
G1054,279,2689.2,14.1,44.2,39.9,24.9,49.2,205.1
G1053,280,2688,31.2,49.5,53.3,21.4,37,198.1
G1052,281,2686,12.9,31.3,29.9,15.9,54,221.2
G1051,282,2684,10.6,25.1,24.2,12.6,56.6,230.5
G1050,283,2681,350.3,42,24.5,36.4,65.6,208.2
G1049,284,2679,359.4,14.8,9.2,11.7,63.6,257.3
G1048,285,2677,12.8,41.6,37.2,23.7,51.1,208.3
G1047,286,2675,357.2,53.9,40.2,39.6,53.3,191.5
G1046,287,2673,15.3,44.4,40.7,18.4,46.6,209
G1045,288,2671,322.4,39.5,10.1,48.5,81.2,194.7
G1044-2,289,2669,355,60.3,47.4,37.6,46.6,189.6
G1043,290,2667,1.4,43.3,32.8,25.3,55.1,211.1
G1042,291,2664.3,11.8,34.6,31.4,13.5,52.1,221
G1041,292,2662.5,24,21.4,30.5,-3.6,46.3,231
G1040,293,2660.5,5.7,44.8,36.1,23.8,52,209.2
G1039,294,2658.5,354.4,39,25.4,26.9,61.4,218.1
G1038,295,2656.5,346.4,40.2,21.5,31.4,66,218.7
G1037,296,2654.5,13.4,30.6,28.8,8.5,52,226.9
G1036,297,2652.5,16.7,28.9,29.8,5.3,50.2,227.5
G1035,298,2650.5,352,29.1,14.7,21.1,65.9,240.8
G1034,299,2648.5,340.1,24,3,26.1,72.7,268.5
G1033,300,2646.5,340.2,47.7,26.8,39,64.5,202
G1032,301,2644,10.4,49.2,41,23.1,47.8,205.6
G1031,302,2642,323.4,58.5,37.7,51.6,58,175.8
G1030,303,2640,14.1,44.5,39.2,18.1,47.7,210.4
G1029,304,2638,356.5,49.9,35.5,30.7,54.7,203.9
G1028,305,2636,337.6,53.9,33.5,42.9,59.9,191.3
G1027,306,2634,328.2,58.4,37.9,49.1,57.5,179.9
G1026,307,2632,340.8,32.3,10.9,30.6,72.5,241.2
G1025,308,2630,81.7,55.7,82.7,9.7,8.8,187.8
G1024,309,2628,12.7,45.7,38.6,15.9,47.4,212.4
G1023,310,2626,339,23.7,2.2,24,71.6,271.5
G1022,311,2624,8.8,19.1,16.9,-0.2,55.1,247.7
G1021,312,2622,0.5,36.1,24.8,16.6,57.8,227.1
G1020,313,2621,334,53.9,32.4,41.3,60.4,194.3
G1019,314,2619,316.6,55.1,31.7,51.4,63,177.4
G1018,315,2617,353.6,22.7,10.1,12.8,63.9,255
G1017,316,2615,335,37.5,13.4,34.4,73,229.8
G1016,317,2613,5.8,35.2,27,12.7,54.8,226.7
G1015,318,2611,38.6,67.3,64.6,22.9,27.8,190.7
G1014,319,2609,359.2,50,36.1,25.7,52.6,207.7
G1013,320,2607.6,357.9,56.5,41.8,29.8,49.2,199.9
G1012,321,2605.6,346.7,61.9,44.8,37.3,48.7,191.3
G1011,322,2603.6,346.6,39.9,21.2,27.7,64.7,223.2
G1010,323,2600.6,326.3,64.6,46.3,46.7,49.8,180.3
G1009,324,2598.6,6.4,41.1,31.9,16.3,52.7,218.7
G1008,325,2596.6,355.5,61.4,46.2,33.2,46.4,194.2
G1007,326,2594.6,352.6,41.3,25.3,24.6,60.6,220.3
G1006,327,2592.6,345.7,68,52.2,39.4,43,185.5
G1005,328,2591,347.2,47.5,29.1,31.2,60.1,209.4
G1004,329,2589,359.7,27.4,17.4,11.6,60.1,241.6
G1003,330,2587,328.8,34.7,3,37.4,79.7,262.4
G1002,331,2585,44.2,73.1,67.8,31.5,27.4,184
G1001,332,2583,355.6,43.5,25.8,26,60.7,218.4
G1000-1,333,2581,60.1,65.3,70.6,22.3,22.5,188
G999,334,2579,330.5,69.7,49.1,48.7,47.9,176.9
G998,335,2577,56.2,71.6,71,28.7,23.9,184.2
G997,336,2575,34.6,32.5,42.8,-1.9,38.4,218.2
G996,337,2573,359.2,32.8,19.4,16.6,61.2,235.3
G995,338,2571,17.3,47.8,40.5,18.2,46.7,209.3
G994,339,2569,321.7,45.1,11.5,47.3,79.7,198.9
G993,340,2567,345.8,46.2,23.5,33.1,65.2,213.8
G992,341,2565,349.9,58.7,38,37.5,54.6,195.2
G991,342,2563,24.3,36.8,37.9,6.3,44.8,218.5
G990,343,2561,348.6,44.8,23.5,30.7,64.2,216.7
G989-1,344,2559,30.1,62.3,56.3,25.1,35.5,194
G988,345,2557,39,68.5,63.5,28.3,30.2,188.2
G986,346,2549,112.7,-43.5,173.3,-66.8,-70.8,265
G985-1,347,2548,99.5,-33.9,135.2,-70.3,-50.5,238.1
G983-1,348,2544,105.6,-69.3,239.3,-64.4,-42.3,331.9
G980,349,2531,208.3,-70.4,241.7,-33.2,-33.1,5.8
G979,350,2526,172.4,-44.3,204.9,-29.4,-62.7,36.2
G978,351,2521,157.9,-46.4,199.9,-38.9,-70.1,30.1
G977,352,2516,182.4,-35.3,203.2,-17.7,-59.3,48.6
G976,353,2513,185,-28.3,200,-11,-58.5,57.7
G975,354,2511,175.9,-13.2,183.3,-5.6,-61.8,91.3
G974,355,2509,159.7,-33,187.6,-30,-73.7,71.4
G973,356,2507,170.4,-44.7,204.2,-30.8,-63.8,35.6
G972-2,357,2505,146.1,-54.3,205.6,-49.1,-68,3.9
G970,358,2496,131.1,-76.2,241.4,-54.3,-39.1,346.5
G969,359,2491,95,-84.5,257.7,-52.2,-25.6,343.9
G968-1,360,2486.2,192.8,-47.1,217.9,-20.8,-49.6,29.8
G966,361,2479.2,175.7,-48.8,210.6,-30.3,-58.6,28.8
G965,362,2476.2,189.7,-12.5,192.9,3.8,-55,75.4
G964,363,2473.2,63,-48.9,334.2,-78.5,-10.6,287.9
G963,364,2468.2,154,-54.2,207.8,-44.7,-65.2,11.8
G962,365,2466.2,215.8,-30.2,222.9,3.2,-37.9,38.7
G961,366,2462.2,167.6,-44.1,202.2,-32,-65.7,37
G960,367,2456.2,144.1,-68.5,227.4,-52.2,-50,352.6
G984,368,2456,144.1,-35.3,180.3,-41.7,-83.2,96
G959,369,2450.2,195.1,-57.1,226.5,-27.2,-44.4,18.6
G958,370,2446.2,187.8,-57.7,223.8,-30.4,-47.6,18
G957,371,2443.2,179.4,-59.5,222.3,-35,-50.2,15
G956-1,372,2438.2,157.5,13.9,151.5,1.9,-48.2,144
G955-1,373,2432.2,174.6,-52.6,213.7,-33.2,-57,23
G954,374,2428.2,259.8,-72.8,259.9,-29.8,-16.6,359.3
G953,375,2422.2,209.3,-46.7,226.9,-13.7,-40.1,26.9
G951,376,2414.2,133,-64,220.1,-56.8,-56.4,346
G950,377,2412.2,183.3,-46.2,213.6,-33.1,-57,23.2
G948-2,378,2408.2,220.8,-22.8,225.5,3.4,-35.9,36.7
G947,379,2406.2,199.6,-47.7,224.2,-26.6,-46.2,20.7
G946,380,2404.2,214.5,-0.6,209,19.9,-40.4,59.5
G945,381,2402.2,190.9,-41.9,214.8,-26.2,-53.8,28.5
G944,382,2400.2,198.2,-29.4,211.5,-12.7,-51.7,41.4
G943,383,2398.2,196.2,-57.2,229.7,-35.1,-43.9,10.6
G942,384,2396.2,192.8,-39.6,214.3,-23.5,-53.3,31.1
G941,385,2394.2,223,-63.5,246.8,-31.9,-28.4,4.2
G940,386,2392.2,268.5,-53.4,268.7,-16.4,-5.4,1.8
G939,387,2390.2,246.8,-68.2,259.4,-32.3,-17.8,358.1
G937,388,2385.2,191.2,-54.1,224.6,-34.9,-48.3,13.6
G934,389,2377.2,203.2,-44,223.9,-22.1,-45.1,24
G932,390,2373.2,176.5,-26.8,194.1,-22.5,-66.8,61
G931,391,2371.2,181.7,-74.7,245,-49.7,-35,350.6
G930,392,2369.2,196.1,-42.2,218.2,-24,-50.4,27.2
G927,393,2363.2,199.5,-21.7,208.1,-5.7,-51.4,49.3
G925,394,2359.2,218.2,-46.4,234.7,-18.4,-35,19
G924,395,2357.2,206.2,-25.8,215.4,-5.7,-46.4,41.2
G922,396,2353.2,193.6,-17,200.6,-5,-55.6,59.8
G921,397,2351.2,177.8,-49.2,213.2,-37.8,-58.8,18.3
G920,398,2349.2,207.8,-57.2,235.4,-30.9,-37.9,10.7
G917,399,2343.2,285.6,-72.3,275.1,-35.8,-5.9,348.7
G916,400,2341.2,191.2,-53.1,223.8,-34.2,-48.7,14.8
G915,401,2339.2,224.9,-25.6,230,2.5,-32.7,32.8
G914,402,2337.2,191.7,-25.9,204.6,-13.2,-56.6,49.6
G911-1,403,2331.2,353.8,74.3,63.3,51.6,36.9,169.1
G910,404,2329.2,14.4,61.6,53,38.8,42.1,185.7
G909,405,2327.2,20,47.6,44.4,26.4,46,200.7
G908-2,406,2325.2,342.6,51.1,27.5,46.7,65.9,188.2
G907,407,2323.2,25.9,39.9,44.9,21,43.9,204
G905,408,2319.2,259.2,77.6,103.2,65.7,14.4,140.7
G904,409,2317.2,34.5,24.8,42.6,4.4,40.6,215.3
G902,410,2313.2,32.7,49.7,55.3,26.1,36.6,194
G901,411,2311.2,10.8,73.4,69.1,49.3,31.5,169.6
G900,412,2309.2,14,65,59.6,44,37.9,178.1
G899,413,2307.2,6.9,47.6,38.8,35.7,53.4,196.6
G898,414,2305.2,9.6,34.6,30.2,24.8,57,214.3
G896,415,2301.2,80.9,46.2,85.2,10.9,6.9,186
G894-1,416,2297.2,29.5,9.1,30.3,-6.5,45.3,232.6
G893,417,2295.2,330.1,42.3,10.1,52.5,81.1,171
G892,418,2293.2,56.1,45.1,67.8,14.5,22.8,193.4
G890,419,2289.2,318.8,44.3,4.1,60.3,79.1,114.8
G888,420,2285.7,9.1,43.9,37,32,53.8,201.5
G887,421,2283.7,17.8,65,60.9,42.7,36.4,178.8
G886,422,2281.7,16.1,50,46.1,33.1,46.5,194.3
G885,423,2279.7,357.3,33.7,21,30.9,66.2,220.1
G884,424,2277.7,19.4,29.5,33.8,15.7,51.1,217.1
G883,425,2274.7,301.4,36.1,330.1,60.9,63.7,41.5
G882-2,426,2272.7,42.3,53.3,60.5,26.1,32.2,191.1
G881,427,2270.7,2.4,51.9,36.8,39.6,56.2,193.6
G880,428,2268.7,30.5,31.1,41.4,10.7,43.6,213
G879,429,2266.7,359.7,52.7,36.2,41.4,57.2,191.7
G878-2,430,2264.7,24.4,58.2,53.8,35.7,40.6,187.9
G877,431,2263.2,23.3,18.8,29.4,3.3,49.7,229
G875,432,2258.2,42.7,33,51.5,7.7,34.6,206.8
G873,433,2253.2,349.6,39.6,17.6,37.3,71.3,216.4
G872,434,2251.2,80.4,67.6,85.6,33.8,13,174.3
G871,435,2249.2,4.1,16,12.3,11,62.2,251.3
G870,436,2247.2,16.9,42.5,38.3,26.2,51,205.4
G868,437,2243.2,231.1,-12.2,230.7,14.4,-28.3,37.6
G865,438,2237.2,240.5,-20.4,242.2,9.6,-20.8,27.7
G863,439,2233.2,7.5,44.1,33.3,31.7,56.8,204.9
G861,440,2227.2,41.6,41.3,54.3,15.5,34.5,200.8
G860,441,2225.2,45.4,46.2,59.1,18.9,31.4,196
G858,442,2221.2,209.3,-26,217.9,-6.8,-45,38.2
G857,443,2219.5,252,-56.9,259.4,-23.9,-15.4,2.7
G856,444,2217.5,181.9,-39.9,206.3,-31.1,-62.2,32.7
G854,445,2213.5,267.5,-64.4,268.7,-30.5,-9.4,354.7
G851,446,2208.3,200.2,-36.7,216.8,-19.9,-50.2,31.4
G850,447,2206.3,13.2,36.4,31.7,22.9,55.1,214.2
G848,448,2201.5,353.3,48.3,28.1,41.5,64.2,197.1
G847,449,2199.5,56.1,24.3,59.4,-4.7,24.6,207.3
G846,450,2197.5,36.3,16.8,39.3,-4.5,40.1,222.5
G843,451,2191.5,348.8,46.9,24,42.8,68,198.2
G842,452,2189.5,327.9,-8.9,328.1,9.5,50.3,333.8
G840,453,2185.5,55.7,70.8,76.2,39.2,22.5,175.1
G839,454,2183.5,345.5,41.7,16.7,41,73.4,210.6
G835,455,2175.5,172.1,-49.4,213.3,-46.9,-61,5.2
G834,456,2172.5,310.1,59.7,37.5,72.7,52.7,130.4
G832,457,2166.5,46.5,15.3,48.6,-6.9,32.4,215.8
G831,458,2164.5,306.3,45.6,351.9,70.4,65.6,86.9
G830,459,2162.5,49.2,79.5,87.1,47.5,16.5,164.4
G829,460,2158.5,20.4,58.6,57.4,39.8,38.6,182.8
G825,461,2150.5,210.4,-28.6,222.3,-12,-43.3,31.5
G824,462,2148.5,177.4,-1.6,180.4,-8,-63.2,97.4
G822,463,2144.5,253,-38.9,258.9,-6.4,-11.2,11.3
G820,464,2139.3,271.9,-78.1,277,-43.2,-7.1,343.2
G819,465,2137.5,184.8,-65.6,239.3,-49.7,-39.6,352.4
G818,466,2135.5,154.3,-64.3,230.3,-61.6,-48.7,337.1
G817,467,2133.5,196.2,-48.3,226,-34.2,-46.9,13.4
G816,468,2131.5,38.6,41.6,55.4,19.4,34.7,198
G814,469,2127.5,149.9,-19.7,167.2,-38,-75.1,151.7
G812,470,2123.5,345.2,-53.4,318.7,-31.3,27.9,323.9
G811,471,2121.5,118.1,17.1,118,-16.2,-28.2,180.8
G810,472,2119.5,217.7,-36.9,226.5,-20.2,-42.4,23.4
G809,473,2117.5,236.8,-35.6,241.7,-15,-28.1,16.6
G808,474,2115.5,191.2,-55.8,216.2,-44.7,-58,7.2
G807,475,2109.5,213.6,-21.4,218.1,-6.5,-44.7,38.2
G806,476,2104.5,236.5,-50.2,244.8,-29.2,-29.3,6.9
G805,477,2102.5,221,-55.7,236,-37.2,-39.1,5.6
G804,478,2101,264.4,-50.1,264.8,-27.1,-11.7,358.4
G803,479,2096,231.8,-27.3,235.8,-7.8,-31.1,23.8
G802,480,2094,267,-46.7,266.8,-23.7,-9,359.2
G801,481,2092,230.7,-33.9,236.3,-14.4,-32.5,20.1
G800,482,2090,227.6,-42.6,236.1,-23.5,-35.2,15.1
G799,483,2088,222.6,-50.7,235,-32.2,-38.6,10
G798,484,2085,246.3,-42.8,250.7,-20.7,-22,8.7
G797,485,2083,235.9,-8,235.5,12,-25.4,33.2
G796,486,2081,241.5,-33.8,245.3,-12.5,-24.4,15.8
G795,487,2076,243.4,-31,246.5,-9.5,-22.6,16.5
G792,488,2070,215.9,-63.3,236.7,-45.2,-40.7,358.1
G791,489,2068,269.6,-66.4,271.2,-39.4,-10.3,348.3
G789,490,2064,177.7,-48.1,206,-43.7,-66.5,14.9
G787,491,2060,245.2,-52,254.2,-27.1,-20.7,3.5
G786,492,2058,237.2,-37.2,244.2,-14.2,-25.8,15.6
G785,493,2056,206.8,-41.7,222.9,-27.1,-47.4,21.2
G784-1,494,2054,264.9,-26.7,265.8,0,-3.6,10.5
G783-2,495,2052,305.6,-51.8,295.1,-27.6,12.9,342.3
G782,496,2050,210.6,-38.7,224.2,-23.2,-45.2,23.1
G781,497,2048,235,-39.8,243.3,-17.2,-27.4,14.5
G778,498,2042,220.3,-42.6,233.2,-23.6,-37.7,16.8
G777,499,2040,226.8,-33.8,234.9,-13.6,-33.5,21.4
G776,500,2038,242.5,-43.5,250,-19.2,-22.2,9.9
G775,501,2036,268.1,-75.4,271.2,-48.4,-13.6,342
G773,502,2024,197.9,-58.6,228.2,-44.4,-47.7,2.3
G772,503,2020,172.6,0.1,173.7,-4.6,-60.8,111.3
G771,504,2015,266.7,-29.3,267.5,-2.4,-2.8,8.6
G770,505,2012,236.5,-51,248,-27.6,-26.2,6.3
G769,506,2010,191.2,-31.4,205.3,-24.2,-60.4,40.7
G767,507,2006,257.9,-64.9,264.9,-38.4,-15.1,351.8
G765,508,2002,211.5,-65.5,241.2,-46.1,-37.1,355.5
G763,509,1996,234.7,-25.9,239,-3.9,-27.3,23.6
G762,510,1994,241.9,-58,253.9,-33.3,-22.7,0
G761-1,511,1992,213.6,-41.2,227.6,-24.4,-42.7,19.9
G760,512,1983.7,209.5,-26.5,218.5,-9.2,-45.3,36.4
G759,513,1981.7,242.3,-61.5,255.8,-31.7,-20.6,0.1
G758,514,1979.7,219.4,-49.8,237.2,-26.1,-35,12.9
G757,515,1978.5,269.9,-58.3,270.8,-26.3,-6.4,355.9
G756,516,1976.5,223.9,-50.7,240.5,-25.6,-32,11.4
G755,517,1974.5,256,-66.5,264.3,-35.1,-14.5,354.2
G754,518,1972.5,220.2,-44.6,235.1,-21.3,-35.5,17
G752,519,1968.5,231.1,-43.5,242.2,-17.1,-28.3,15.2
G751,520,1967.5,216.4,-65,244.9,-39.9,-32.3,359.4
G749,521,1962.5,257.3,-54.3,262.7,-22.9,-12.3,1.6
G748,522,1960.5,223,-61.2,245.6,-35.2,-30.3,2.6
G746,523,1956,229.1,-34.9,237.5,-9.5,-30.2,21.9
G745,524,1955,224.4,-38.5,235.4,-14.3,-33.3,20.8
G744,525,1954,277.9,-41.5,276.5,-9.6,3.1,0.8
G743,526,1951,278.3,-40.8,276.8,-9,3.5,0.9
G742-2,527,1949,241.1,-52.8,252.2,-23.6,-21.5,6.4
G741,528,1948,229.6,-54,245.5,-27.1,-28.2,7.9
G740,529,1946,205.8,-6,205.5,7.2,-47.8,58.5
G739,530,1944,263.4,-48.9,266.1,-17.2,-7.8,2.7
G737,531,1939.5,218.1,-56.3,240,-32.2,-34.3,7.4
G735,532,1935.8,267.2,-43.7,268.5,-11.8,-4.3,3.9
G733,533,1931.8,242.1,-42.8,249.9,-13.8,-20.8,12.6
G732,534,1930.8,211.4,-53.7,234.6,-32,-38.9,10.3
G731,535,1929.3,222.5,-29.2,230.1,-6.4,-35.3,28.4
G730,536,1926.8,240.3,-54.6,252.3,-25.5,-21.9,5.4
G729,537,1925.3,220.9,-57.3,242.2,-32.3,-32.4,6.2
G727,538,1921.6,203.7,-47.1,225.6,-29.3,-45.8,17.7
G726,539,1919.6,252.2,-57.5,260.3,-26.6,-15.4,0.9
G725,540,1917.6,26.5,30.1,37.9,13.6,47.2,214.4
G724,541,1915.6,5.6,47.4,34.3,37,57.6,198.4
G723,542,1913.3,26,43.4,44.8,25.2,45.3,201.2
G722,543,1911.8,14.2,63.2,53.5,44.9,43.3,179.6
G721,544,1909.8,14.5,31.6,29.5,20.3,55.9,218.6
G720,545,1907.8,20.1,52.1,46.8,34.6,46.3,192.6
G719,546,1906.8,13.4,41.3,34.9,28.8,54.6,206.2
G718,547,1904.8,32.9,36.5,47,20.3,42,202.9
G717,548,1903.3,57.8,30.5,64,6.3,23.8,199.5
G716,549,1901.3,52.2,43.7,64.5,20.2,27.1,192.3
G715,550,1899.3,31.7,50.1,54,32.4,39.5,190.4
G714,551,1897.3,28,63.6,62.2,44.4,35.8,176.7
G713,552,1896,5.3,52,39,44.2,55.5,186.6
G712,553,1894,3.2,42.1,28.8,37.7,62.4,202
G711,554,1892,323.3,33.7,346.9,50.6,78.8,14.1
G710,555,1890,78.7,26.7,80.8,-1.8,7.4,193.8
G709,556,1888,24.8,51.2,50.3,35.8,43.6,189.6
G708,557,1885,81,74.8,91.7,45.3,12,164.1
G707,558,1883,17.3,22.7,27.5,15,55.4,224.7
G706,559,1881,19.2,65.4,60.1,48.3,38.6,173.7
G705,560,1879,29.3,75.8,75.9,52.7,27.1,164
G704,561,1877,76.5,42.6,81.8,14.1,10.7,186.3
G703,562,1875,44.9,36.1,55.9,15.6,33.2,199.7
G702,563,1874,18.2,15.7,24.6,8.6,54.8,232.3
G701,564,1871,57.4,46.3,69.2,21.3,23.4,189.2
G700,565,1867,60.1,41.7,69.5,16.3,21.8,191.6
G699,566,1862,27.5,63.8,62.2,44.7,35.9,176.4
G698,567,1860,10.1,41.8,33.6,34.3,57.4,201.9
G697,568,1858,76.9,-1.3,73.7,-29.1,5.4,210
G696,569,1856,290.8,50.3,320.5,77.9,47.1,76.7
G695,570,1854,15.3,50.9,44.2,39.2,49.8,189.7
G694,571,1851,45,43.3,59.2,22.1,32.2,194.2
G693,572,1849,175,-22.2,188.6,-25.6,-70.9,71.9
G692,573,1847,296.2,-34.9,293,-6,17.9,353.4
G691,574,1845,184.8,-10.3,190.5,-10.5,-62.6,75.1
G690,575,1843,248.9,-36.8,254.7,-9.7,-15.6,12
G689,576,1841,235.7,-21.8,239.3,1.3,-25.6,25.8
G687,577,1837,288.3,-65.9,283.1,-36.1,0.4,344.5
G686,578,1835,40.9,29.6,49.9,11,36.9,206.2
G685,579,1833,59.7,22.1,63,-2.2,22.3,203.9
G684,580,1831,313.9,50,357.8,67.5,70.4,94.1
G683,581,1829,48.4,36.1,58.6,14.3,30.6,198.8
G681,582,1825,182.7,-26.6,197.7,-25.3,-66,51.5
G680,583,1823,202,-62.6,238.5,-45.5,-39.2,357.1
G679,584,1821,241.4,-37.2,249,-11.7,-21,14.1
G678,585,1819,209.6,-56.6,237.2,-38.5,-38.4,4
G677,586,1817,230.1,22.6,214.6,39.9,-27,62.3
G673,587,1812,168.2,-62.8,223.8,-57.9,-53.5,343.9
G672,588,1811,304.2,-28.3,300.9,-0.9,25.9,350.8
G667,589,1801,248.7,-7.8,247.3,18.4,-14,28.6
G666,590,1799,40.2,54.3,61.8,33.2,33,185.8
G665,591,1797,15,25.6,27.2,18.7,57,222.5
G664,592,1795,10.2,51.1,41.2,41.4,52.9,188.9
G661,593,1789,345.9,65.4,47.6,60,50.7,160
G659,594,1785,55.3,39.9,65.3,15.8,25.3,194.1
G658,595,1783,54.5,42.8,65.8,18.8,25.7,192.3
G657,596,1781,332.7,47.5,11.2,56.5,78.8,151.5
G656,597,1779,11.9,50.2,41.4,40.1,52.4,190.3
G655,598,1777,41.5,33.2,52,14.1,36,203.1
G654,599,1775,87.4,50.1,90.7,20.4,4.8,178.9
G653,600,1773,293.4,64.2,44.8,81.7,41.5,113.6
G652,601,1771,20.4,51.3,47.7,37.5,46.3,189.5
G651,602,1769,38.9,59.7,64.6,38.2,32,180.9
G650,603,1767,44.9,55.8,65.6,33.2,29.8,184
G649,604,1765,14,41.5,36.2,32.4,54.6,201.8
G642,605,1751,1.6,-19.9,352.1,-18.4,49,290.2
G640,606,1747,177.9,-20.4,187.8,-19,-67.7,77.7
G639,607,1745,208.9,-48.7,227.2,-31.6,-45.1,14.9
G637,608,1741,235.3,-33.6,241.1,-10.5,-27.4,19.2
G635,609,1735.8,223.2,-32.8,231.1,-12.8,-36.4,24.4
G634,610,1733.8,235.1,-50.3,245.9,-26.6,-27.7,8
G633,611,1731.8,194.7,-46.1,215.8,-34.2,-55.5,20.3
G632,612,1729.8,211.9,-54.2,232.4,-35.6,-41.8,8.7
G630,613,1725.8,233.7,-34.6,240.2,-11.9,-28.6,19
G629,614,1723.8,247.4,-44.5,251.3,-18.2,-20.8,9.7
G628,615,1721.8,221.5,-46.1,232.8,-23.9,-38.1,16.9
G627,616,1720.5,186,-32,199.4,-22.6,-63.8,50.9
G626,617,1718.2,176.1,-56.2,209.1,-46.6,-64.5,7.6
G623,618,1712.2,236.8,5.4,232.8,29.3,-21.2,43
G622,619,1710.2,201.2,-62,228.3,-43.3,-47.3,3.4
G621,620,1708.9,171.6,-59.1,209.3,-50.3,-64.9,0.2
G620,621,1706.9,187.7,-35.4,202.6,-25,-62.7,43.7
G619,622,1704.3,221.9,-50.8,234.8,-28.3,-37.7,12.8
G618,623,1703.6,168,-37.6,188.3,-35.2,-76.3,63.1
G617,624,1702.3,235.6,-58.5,246.3,-33.3,-29.2,3.6
G616,625,1698.3,255,-54.8,257.8,-28,-17.9,1.3
G615,626,1696.3,216.8,-42.8,228.2,-22,-41.5,21
G614,627,1694.3,219.5,-57.2,236,-34.8,-38.4,7.5
G613,628,1692.3,266.9,-53.8,265.7,-29.8,-11.7,356.6
G612,629,1690.3,215.3,-35,223.5,-17.4,-44,27.3
G610,630,1686.3,299,-78.2,275.4,-55.8,-13.8,334
G606,631,1678.3,218.8,17.1,210.2,33.1,-33.1,63.5
G605,632,1676.3,243.4,-59.8,250.9,-36.7,-26.3,359.2
G604,633,1674.3,243.9,-31.7,246.6,-8.9,-22.3,16.8
G603,634,1672.3,179.2,-45.3,200.1,-38.2,-69.7,31
G602,635,1669.4,159.6,-64.2,205.9,-59.7,-67,336.3
G601,636,1668,201.2,-15.5,204.9,-1.7,-51.8,55.4
G600,637,1666,222.2,-66.8,243.2,-42.3,-34.4,358.2
G599,638,1664,224.1,-45,234.8,-21.7,-35.8,17
G598,639,1662,220.5,-31.9,227.5,-10.2,-38.6,28.4
G597,640,1660,220.7,-54.6,236.2,-31.5,-37.4,9.8
G596,641,1658,247.5,-64.5,255.2,-37.1,-22.7,357
G595,642,1656,195.3,-48,216.1,-32.9,-54.9,21.4
G594,643,1654,172.1,-5.9,175.1,-6.1,-61.8,108.7
G593,644,1652,245.1,-52.2,251.3,-25.2,-22.7,6
G592,645,1650,220.9,-35.7,229.2,-13.7,-38.2,25.2
G591,646,1648,205,-53.2,225.6,-34.2,-47.2,13.7
G590,647,1646,259.6,-70.2,262,-42.2,-18.7,350.5
G589,648,1644,237,-34.9,243.3,-12.9,-26.2,16.7
G588,649,1642,224,-42,235.5,-22.8,-35.5,15.9
G587,650,1640,200.1,-34,213.3,-23.3,-54,32.2
G586,651,1638,232.6,-23.7,236.5,-3.2,-29.2,25.6
G585,652,1636,219.1,-3.3,217.5,11.9,-38.6,47.5
G584,653,1634,184.5,-45.4,208.1,-39.2,-63.5,20.5
G583,654,1632,193.5,-52.8,221.5,-32.5,-50.2,17.8
G582,655,1630,190.7,-37.6,209.2,-21.7,-56.6,37.9
G577,656,1620,181,-37.1,202.3,-26,-63.3,43.2
G576,657,1618,208.4,-34.5,220.1,-11.4,-44.8,33.7
G575,658,1616,216.9,-34.4,226.4,-8.1,-38.8,30.3
G574,659,1612,199,-40.3,216.6,-20.2,-50.4,31.4
G573,660,1610,199.9,-54.1,226,-31.1,-46,16
G572,661,1608,211.6,-55.1,233.1,-28.2,-39.1,13.9
G571,662,1606,231.8,-35,238,-4.2,-28.3,24.1
G570,663,1601.5,191,-76.6,244.1,-49.3,-35.6,351.3
G568,664,1597,181.3,-5.3,183.1,-0.1,-59.1,92.3
G567,665,1593.5,200.1,-26.3,209.6,-7.9,-51.3,46.3
G565,666,1589.5,291.3,-52.1,281.4,-19.5,4.5,353.8
G564,667,1587.5,292.9,-68.4,276.6,-35.2,-4.4,348.3
G563,668,1585.5,219.6,13,207,35.7,-33.1,67.6
G562,669,1583.5,224.5,-36.6,233,-7.7,-33.4,25.7
G561,670,1581.5,223.9,-38.8,233.3,-9.9,-33.8,24.4
G559,671,1577.5,177.1,-25.2,191.4,-18.6,-66.2,69.4
G558,672,1575.5,225.9,-54.4,240.9,-23.8,-31.2,12.2
G557,673,1573.5,247.5,-66.4,261.6,-34,-16.4,356.1
G556,674,1571.5,247.2,-59.6,259.1,-27.5,-16.6,1
G555,675,1569.5,186.7,-61.4,230.7,-45.7,-45.9,359.8
G554,676,1567.5,253.8,-23.5,255.3,8.7,-10.3,19.7
G551,677,1562,227.2,-51.5,244.1,-24.2,-28.6,10.3
G550,678,1560,235.9,-67,256.6,-36.2,-21.3,356.9
G549,679,1558,135.9,-76.3,252.3,-64.7,-33.5,330
G548,680,1556,241.4,-70,260.4,-38.1,-18.7,354
G547,681,1554,237.4,-82.2,266.8,-49.5,-17.5,342.9
G545,682,1550,217.8,-43.7,234.2,-20.3,-36,18.2
G544,683,1548,202,-60.4,236.5,-39.5,-39.3,3.4
G543,684,1546,305.8,-28.4,301.7,1.3,27.2,351.3
G542,685,1544,290.8,-42.1,286.5,-9.1,11.7,355.7
G541,686,1542,262,-75.8,270,-42,-12.2,347.2
G540,687,1540,277.6,-17.6,277.6,16.3,10.8,11.6
G539,688,1537.9,178.4,-35.8,202,-31.9,-65.8,37.4
G538,689,1535.9,216.9,-61,244.1,-35.3,-31.6,3.2
G537,690,1533.9,214,-49.8,235.2,-27,-37,13.4
G536,691,1531.9,223.5,-35.6,234.3,-11.1,-33.3,23.1
G535,692,1529.9,247.1,-53.6,257.2,-21.8,-16.7,4.9
G534,693,1527.9,224.6,-18.2,227.6,5,-33.8,35.7
G533,694,1525.9,245.9,-4.2,242.6,25.6,-15.4,34.7
G530,695,1519.6,301.5,-51.5,291.3,-24.2,11.1,346.2
G529,696,1514.8,38.9,49.6,55.8,27.4,36.6,192.8
G528,697,1512.8,37.2,55.7,58,33.3,36.3,187.6
G526,698,1508.8,290.2,11.2,295.6,39.1,32.5,16.3
G523,699,1503.5,63.2,62.7,75.9,34.5,21.4,178.4
G522,700,1501.5,39.6,61.7,63.1,38,33.3,181.7
G521,701,1499.5,297.2,-75.9,280,-47,-6.4,339.1
G519,702,1495.5,54.4,21.6,57.3,-3.1,26.7,207.9
G518,703,1493.5,50.3,57.7,66.8,32,28.4,184.2
G517,704,1491.5,5.6,37.2,25.2,29.5,62.5,215.7
G516,705,1489.5,104.9,29.2,103.1,-0.1,-11.2,181.5
G515,706,1487.5,61.9,38.8,68.3,11.7,21.6,194.5
G514,707,1485.5,89.8,67.4,90.4,37.4,10.2,169.9
G513,708,1483.5,61.6,29.3,65.6,2.5,21.5,200.3
G512,709,1481.5,123.6,49.4,113.3,22.6,-13.2,165.7
G511,710,1479.5,36.1,14.8,38.2,-4.4,40.9,223.5
G510,711,1477.5,31.1,47.5,48.6,27,42.6,197.4
G509,712,1475.5,353.4,14.8,1.6,15.1,66.8,274.3
G508,713,1473.5,207.2,-68.6,240.8,-45.8,-37.4,355.9
G507,714,1471.5,209.4,-67.8,241.1,-44.7,-36.8,356.9
G506,715,1469.5,180.1,-50,210.1,-40.7,-62.2,16.7
G505,716,1467.5,245,-37.1,249.7,-8.9,-19.7,15
G504,717,1465.5,200.1,-42.1,218.1,-26.2,-51.1,25.6
G503,718,1463.5,335.8,-37.9,320.3,-22.5,32.9,326.4
G502,719,1461.5,173.9,-45.3,201.9,-39.8,-68.8,25.9
G501,720,1459.5,191.8,-37.8,209.5,-25.9,-57.9,34.1
G499,721,1455.5,180.2,-65.8,226.9,-51.4,-50.3,353.9
G497,722,1451.5,301.6,-51.5,290.3,-24.7,10.1,346.5
G496,723,1449.5,220.9,-42.2,232.9,-19.2,-36.7,19.6
G495,724,1447.5,197.4,-40.1,214.9,-25.6,-53.5,28.9
G494,725,1445.5,209.5,-30.4,219.1,-12.3,-45.9,34.1
G492,726,1442,88.8,-52.7,70.2,-79.9,-22.7,258.3
G491,727,1440.7,59.4,25.8,63.5,2.6,23.2,201.5
G490,728,1439.5,49.8,40.7,60.6,19.2,30.2,195
G489,729,1437.5,10.6,47.1,36.1,38.4,56.5,195.5
G488,730,1436,356.7,62.8,44.1,55.1,53.1,168.8
G483,731,1427.5,46.2,24.1,51.5,4.8,33.7,208.2
G481,732,1423.5,19.1,53.7,46.7,40.5,48,187.1
G480,733,1421.5,28.2,39.8,44,25.4,46,201.7
G479,734,1419.5,327.5,-6.4,328.4,11.1,51.1,334.4
G478,735,1417.5,59.8,37.1,67,13.3,23.2,194.4
G476,736,1413.5,32.4,47.7,51.4,30.9,41.3,192.9
G473,737,1407.5,56.5,15.7,58,-6.2,25.2,208.9
G472,738,1405.5,212.9,-51.3,233.8,-33.8,-40.1,9.4
G471,739,1403.5,217.2,-51.1,236.5,-32.3,-37.3,9.1
G470,740,1401.5,199.3,-45.9,221.3,-34,-50.8,16.6
G469,741,1399.5,197.4,3.4,194.5,8.3,-52.3,74.2
G467,742,1395.5,335.8,51.4,15.4,56.9,75.7,156.6
G466,743,1393.5,236.3,-70.9,258.6,-45.8,-22.7,349.2
G465,744,1392,244.6,-45.4,253,-20.3,-19.9,7.8
G464,745,1391,178.6,-46.3,206.8,-42.9,-65.6,15.7
G462,746,1387,219.1,-50.3,238.1,-29.4,-35.2,10.3
G461,747,1385,59.5,-77.1,297.7,-69.1,-9.5,311.3
G459,748,1381,211.3,-52.8,234.6,-34.1,-39.5,8.8
G458,749,1379,179.9,-57.9,221.4,-49.7,-54.6,357.9
G457,750,1378,214.7,-56.4,239.1,-36.1,-36.1,5
G456,751,1376,347,49.7,24,49.9,69.4,182.5
G455,752,1374,335.9,49.8,16.3,55.4,75.5,163.4
G454,753,1373,357.6,31.7,16.4,31.2,69.5,227.7
G452,754,1369,295.4,-1.1,298,27.1,31.2,6.9
G450,755,1365,228.6,-42.7,240.9,-19.8,-30.1,14.5
G449,756,1363,274.6,-51.5,275.1,-21.5,-1.4,356.1
G448,757,1361,221.1,-64.9,248.4,-41.4,-29.7,356.8
G447,758,1359,321,-37.8,311.2,-14.5,29.7,337.5
G446,759,1357,231.5,-27.7,237.5,-5,-28.9,24.1
G445,760,1355,194.4,-43.9,217.5,-33.2,-53.8,20
G444,761,1353,120.1,0.9,123.1,-26.3,-35.3,183.7
G442,762,1349,279.2,-50.4,278.2,-20.4,1.5,355.1
G441,763,1347,235.3,-31,241.7,-6.9,-25.9,20.5
G440,764,1345,200.4,-69.4,243.9,-50,-35.9,350.6
G439,765,1343,339.1,14.1,352.1,28.5,72.7,304.9
G438,766,1341,218.5,-31.9,230.2,-11.1,-36.7,25.9
G437,767,1339,202.6,-39.3,223.3,-24.5,-46.3,22.8
G436,768,1337,195.9,-52.9,229.8,-37.7,-44.6,8.2
G434,769,1333,274,-32.3,274.8,2.6,4.8,7
G432,770,1329,268.6,-19.4,268.8,15.1,2.9,15.5
G430,771,1325,218,-52.8,241.8,-29,-31.9,8.6
G429,772,1323,203.2,-42.8,226.1,-27,-44.7,19.1
G428,773,1321,205,-18.2,210.7,-3.5,-48.9,47.4
G426,774,1317,271.1,-27.8,271.1,4.2,2,9.5
G425,775,1315,172.1,-46.4,204.3,-42.1,-67.5,19.2
G424,776,1313,259.5,-47.5,263,-15.9,-10.1,4.9
G418,777,1299,252.4,-38.2,256.4,-7.4,-13.6,12.1
G415,778,1291,201.4,-40.1,219.4,-24,-49.4,26.2
G414,779,1289,223.5,-10,223.1,11.8,-34.8,42.5
G413,780,1287,242.3,-6.2,240.1,21.8,-18.6,34.5
G411,781,1283,218.6,-29.6,226.9,-7.9,-38.4,30
G410,782,1281,211.9,7.6,204,22.4,-41.7,66.1
G409,783,1279,238,-31.1,243.1,-3.4,-23.8,21.3
G408,784,1277,174.6,-48.2,207.6,-42.2,-64.8,16.3
G407,785,1275,232.7,-63.1,251,-34.6,-25.6,0.5
G405,786,1271,215.5,-41.9,230.3,-20.1,-39.2,20.8
G404,787,1269,188,-7.8,191.1,-2.9,-58.8,76.5
G403,788,1267,201.3,-56.9,230.7,-37.6,-43.8,7.9
G402,789,1265,178.6,-24.9,192.9,-22.1,-67.2,63.9
G401,790,1263,49,-70,310.2,-68.7,-3.6,306.4
G400,791,1261,318.6,-79.4,283.3,-50.1,-5.4,335.3
G399,792,1259,204.8,-57.9,233.3,-37.2,-41.4,6.9
G398,793,1257,96.6,40.2,95.3,8.3,-2.4,182
G396,794,1253,188,-50.2,217.7,-37.6,-54.9,15.3
G395,795,1251,199.5,-11.3,202.6,-0.1,-52.5,59.2
G391,796,1241,223.4,-39.5,232.8,-9.2,-34,25.1
G390,797,1239,209.7,-35.8,221.3,-10.4,-43.6,33.2
G389,798,1237,222,-28.7,227.7,0.4,-35.2,33.5
G388,799,1235,238.3,-25.2,240.4,8.2,-22.7,28.2
G387,800,1233,122.9,-65.5,217.9,-67,-56,323.7
G384,801,1226,247.2,-75.3,257.2,-39.6,-21.8,354.4
G383,802,1224,317.6,-16.9,314.4,4.7,38.4,343.9
G382,803,1222,208.3,-51.7,228.6,-24.8,-42,18.9
G381,804,1220,176.3,-45.6,205.6,-33.2,-63.5,31.1
G380,805,1218,214.8,-51.1,232.2,-22.2,-38.2,18.3
G379,806,1216,179,5.4,174.4,8.5,-54.5,107.9
G378,807,1214,237,-73.4,253.1,-38.6,-25,356.9
G377,808,1212,224.7,-47.5,236.8,-16.3,-32.6,18.8
G376,809,1210,210.8,-41,224.5,-14.7,-42.4,28.2
G375,810,1208,205.3,-50.3,226,-24.6,-44.1,20.8
G374,811,1206,205.9,-49.5,225.9,-23.7,-43.9,21.5
G373,812,1204,249.9,-64,256,-28.4,-19.5,1.9
G372,813,1202,206.2,-25.2,213.4,-2.5,-46.7,44.9
G371,814,1200,237.1,-59.1,246.9,-28.5,-27.3,6.3
G370,815,1198,220.1,-38.9,229.2,-12.5,-37.9,25.9
G366,816,1184,129.4,-22.2,146.1,-39.8,-58.8,181.4
G365,817,1182,168.1,-30.5,185.9,-26.5,-72.3,79.2
G362,818,1176,334.1,77.2,55.4,59.2,44.7,160.8
G361,819,1174,206.8,-70.3,238.1,-43.8,-39.1,358.9
G360,820,1172,248.7,-31.8,250.5,-0.3,-16.7,18.5
G359,821,1169,212.7,-21.3,218.2,-2.6,-43.3,40.1
G357,822,1165,131.4,-21,146.1,-41.4,-59.2,183.5
G354,823,1159,200.3,-23.3,208.8,-9.6,-52.5,46.3
G345,824,1142,163.8,-0.5,166.2,-8.2,-60.3,127
G343,825,1138.2,269.9,53.1,273.9,84.1,30.9,84.7
G342,826,1136.5,222.4,-39.8,233.5,-16.2,-35.4,20.9
G340,827,1133,145.5,-28.5,166,-41.2,-75.6,161.6
G335,828,1123.5,17.7,-51.2,334.9,-50.7,23.3,301.5
G333,829,1119.5,302.2,29.5,323.9,53.2,59.5,23.4
G332,830,1117.5,209.9,75.8,113.3,62.3,6.2,140.3
G330,831,1113.5,327.4,-25.4,319.2,-6.6,38.3,334.5
G328,832,1109.5,1.7,-34.4,340.1,-30.7,38.9,303.1
G327,833,1108,1.8,-50.9,325.9,-42.8,25.4,312.6
G323,834,1100,353.2,0.5,354,2.6,59.9,290.3
G322,835,1098,26.1,-76.9,305.2,-67,-4.1,310.3
G319,836,1092,5.7,18.4,13.4,15.4,63.8,247
G317,837,1088,14.3,48.9,37,38.9,55.9,194.3
G316,838,1086,119.1,-61.4,177.8,-77.8,-54.2,276.8
G315,839,1084.5,180,-14,186.3,-13.9,-65.5,83.1
G314,840,1083,202.1,-34.6,214.9,-23.6,-52.9,30.5
G313,841,1081.5,110.4,-4.9,112.8,-28.6,-27.1,190.5
G312-1,842,1079.5,283.6,-59.1,279.6,-34.3,-1.7,347.3
G311,843,1078,308.3,-17.3,306.5,3.4,31.7,349.1
G310,844,1076.5,210,-55.1,231.8,-39.3,-43.3,5.8
G309,845,1074.5,239.8,-47,248.7,-25,-24.8,7.4
G308,846,1072.5,209.3,-61,235.4,-44.6,-41.6,359.2
G307,847,1070.5,170.8,-70.6,228.9,-62.2,-49.7,336
G305,848,1067,230.2,-24.7,234.7,-5.5,-31.3,25.7
G303,849,1064,216.3,-26.1,223.1,-11,-42.3,31.4
G302,850,1062,222.4,-69.8,248.8,-49.3,-31.7,349.7
G301,851,1059,104.1,-33.5,110.5,-57.7,-33.6,216.4
G299,852,1055,198.8,-22.2,206.6,-13.6,-55.5,46.7
G298,853,1053,218.1,-58.3,238.9,-40,-37.4,1.9
G297,854,1051,255.6,-42.7,259.6,-18.6,-13.8,5.3
G296,855,1045,248,-64.7,259.2,-41,-20.6,352.5
G294,856,1038.5,60.6,42.2,68,20.2,24.1,190.4
G293,857,1037,10,0.9,9.7,-2.1,56.8,260.4
G291,858,1026.5,37.1,59.8,59.1,41.6,37.7,180.5
G289,859,1024,42.4,36.6,52,19,37.4,200.3
G288,860,1022.5,87.3,-17.8,85.6,-42.7,-8.9,211.9
G285,861,1016,304.9,-49.3,295.7,-27,13.5,342.2
G284,862,1008.5,332.5,-7.9,331.9,5.1,51.2,327
G283,863,1007,284.1,52.7,302.9,76.4,41.7,69
G282,864,1005.5,124.5,7.6,125.2,-13.7,-33.6,175.1
G281,865,1003.5,304.1,5.6,308.1,26.7,39.7,1
G279,866,1000,47.2,36.1,56.2,15.9,33,199.4
G278-2,867,998,277.5,74.2,89.2,78.7,28.7,123.3
G277,868,994,70.2,57.4,79.2,31.8,17.8,178.5
G274,869,988,334.6,78.1,67.2,66.6,37.3,147.6
G273,870,986,29.9,17.2,34.5,4.2,46.5,222.9
G272,871,984,54.6,68.6,75.1,44.6,25.1,171.5
G271,872,982,2.3,33,18.9,29.8,67.2,224.8
G270,873,980,322.1,12.9,330.6,29.6,59.3,345.8
G269,874,978,46.7,-22.9,33.3,-39,28.2,243
G267,875,974,320.9,-42.9,309.3,-22.3,25.4,335.4
G266,876,972,316,3.5,320.5,23.1,49,349.8
G265,877,970,31,-24.3,16.7,-33.7,38.2,258
G259,878,958,318.8,29.1,335.6,45.6,68.4,4.3
G258,879,956,5.1,36.6,23.5,31.6,64.6,215.6
G257,880,954,62.7,47.5,75,24.6,19.3,184.5
G256,881,952,312.4,33.2,328.9,56.4,63.6,30.1
G255,882,950,311.3,6.4,316,31.1,47.7,359.3
G253,883,946,293.6,-73.6,288.5,-45.7,0.5,335.9
G252,884,945,74.3,1,71.3,-22.8,9.4,208.3
G251,885,943,10.1,41,33.5,37.6,58.5,198.3
G250,886,941,297.6,2.1,299.5,29.4,33.1,7.6
G249,887,939,93.4,78.6,101.4,50.8,7.1,155.7
G248,888,937,323.9,31.3,342.5,50.4,75,14
G247,889,935,354.3,25.5,9.7,32,73.9,242.9
G246,890,933,63.5,71,86.9,46.1,16.1,165.6
G241,891,923,20.5,20.4,29.6,15.4,54,221.9
G240,892,919,9.1,40.6,32.4,37.6,59.4,199.1
G239,893,917,0.7,47.2,31.6,46.6,62.4,186.4
G236,894,911,71.1,63.5,86.6,38.1,13.6,171.2
G234,895,907,325.9,28.9,343,47.5,75.1,4
G232,896,903,341.3,18.3,353.1,31.6,74.9,304.4
G230,897,899,28.3,6.8,29.9,-0.1,48.1,230.1
G229,898,897,40,-13.1,31.2,-23.2,37.6,238.5
G228,899,895,354.1,46.6,26,49.1,67.6,183.8
G224,900,887,202.6,-44.2,225.1,-34.8,-47.8,13.4
G223,901,885,294.8,-56,291.2,-28.2,9.6,344.3
G220,902,879,131.3,51.1,122.9,25,-19.7,158.6
G219,903,877,279.2,20.7,276.8,48.5,19.9,31.4
G218,904,875,243,-56.6,258.9,-33,-18.4,357.9
G217,905,873,287,-32.2,286.7,-4.2,13.2,357.7
G216,906,871,189,-44.2,215.1,-40.5,-57.9,13.6
G214,907,867,214.5,-18.7,220.7,-7.7,-43.2,35.2
G212,908,863,293.4,-29.1,292.3,-1.4,18.6,355.8
G211,909,861,221.4,-12.1,223.8,1.1,-37.9,37
G207,910,853,240.5,-16,242.4,4.5,-22.2,25.3
G206,911,851,132.1,-22.5,142.6,-46.4,-57.4,192.4
G205,912,849,233,-24.6,238.9,-6,-28,22.7
G202,913,843,306.2,-28,303.7,-1.6,28,348.7
G201,914,841,222.1,-58.7,247.8,-40,-29.8,358.1
G200,915,839,285.9,-83.2,285.2,-55.3,-6.8,330.3
G199,916,837,174.9,26.6,165.1,14.5,-49.2,121.3
G196,917,831,237.4,-8.4,236.9,11.5,-24.5,32
G195,918,829,150.3,4.8,151.7,-12.4,-53.8,151.3
G188,919,815,202.9,12.9,195.5,17.4,-47.6,75.3
G187,920,813,355.9,16.4,5.1,21,69.5,263.9
G186,921,811,2.5,26.3,16.2,26.7,67.6,233
G185,922,809,358.2,-0.1,359.5,5.2,61.8,279.4
G184,923,807,24.2,12.3,28.1,4.7,51.1,229.8
G183,924,805,352.3,46.8,22.6,48.1,70.4,187.6
G182,925,803,11.1,61.6,50.6,51.2,47.2,173.2
G181,926,801,351.2,43.9,19,46.4,73.2,194.3
G180,927,799,355.7,37.7,17.7,39.3,72,212.6
G179,928,797,321.1,13.3,329.3,32.5,59.2,350.1
G178,929,795,18.6,40.1,37.5,31.4,53.2,201.7
G177,930,793,304.1,-3.7,305.9,20.9,36.2,358.7
G175,931,789,343.4,50.1,19.1,54.5,73.5,168.6
G172,932,783,326.9,15.1,336.3,32.1,64.6,341.8
G171,933,781,19.5,-63.4,332,-59.5,14.2,300
G170,934,779,74.1,1.8,72.5,-21.6,8.8,207.1
G169,935,777,4,47.4,28.7,41.8,63.7,196.1
G168,936,775,17,19,23.7,11.7,56.6,231.7
G167,937,773,262.3,-25,263.4,-0.5,-5.8,11.5
G166,938,771,87.1,70,90.7,45.1,12.7,164.7
G165,939,769,323.2,-43.5,311.3,-25.1,25.8,332.6
G164,940,767,56.5,38.8,66.7,11.8,23,195.3
G162,941,762,359.6,38.2,26.4,36.3,64,206.2
G161,942,757,34.1,47,55.8,26.9,36.4,193.2
G160,943,755,48.3,42.3,62.6,17.6,28.1,194.7
G159,944,753,22.3,61.9,61.4,42.5,36,178.7
G158,945,751,56.7,58.3,75.5,29.5,20.3,181.6
G157,946,749,8.9,38.5,33.3,31.7,56.8,204.9
G156,947,747,10,3.5,12,2.9,58.5,254.9
G155,948,745,323.5,44.4,5.6,60.4,78.6,120
G154,949,743,31.7,44.8,52.8,25.9,38.7,195.6
G153,950,741,20.9,41.5,43.5,28.1,47.2,200
G152,951,739,316.1,65.9,54.6,70.3,44.9,140.4
G151,952,737,10.6,50.7,44.6,39.6,49.5,189.1
G150,953,735,18.7,58.1,56,41.3,40.2,182.1
G149,954,733,26.4,51.7,54.5,33.6,39.4,189.2
G148,955,731,80.8,51.1,87.4,18.2,7,181.6
G147,956,729,350,54.1,37.5,51.6,58.2,175.8
G146,957,727,56.7,57.4,75.1,28.6,20.4,182.3
G145,958,725,9.3,55,40.5,46.5,54.7,182.8
G144,959,723,17.2,40.6,35.5,31.7,55,203
G143,960,721,29.7,55.8,54,40.4,41.7,183.8
G142,961,719,30.2,45.2,47.9,31.1,44.4,194.8
G141,962,717,27,48.6,47.6,35.1,45.7,191.7
G139,963,713,300.2,75.1,71.4,76.4,35.5,128.8
G138,964,711,60.3,11.3,60.5,-9.7,22.2,208.8
G137,965,709,50.6,62.1,70.4,40.8,27.9,176.4
G136,966,707,101.4,15.4,101.3,-10.6,-12.4,187.1
G135,967,705,68.5,50.3,77.6,28.8,18.3,181
G134,968,703,32.8,53.3,54.3,39.6,41.2,184.4
G133,969,701,124,41.9,118.7,19.5,-18.5,163.9
G132,970,699,359.5,39.4,19.7,39.6,70.5,209
G131,971,697,15.5,52.1,41.5,44.2,53.4,185.4
G130,972,695,34.8,42.5,49.7,29.4,42.3,195
G129,973,693,36.2,65.7,65.5,49.3,34.4,170.8
G128,974,691,75.7,54.9,83.8,32.3,14.1,176
G127,975,687,26.1,44.2,44,33.8,48.5,195
G126,976,686,28,51.2,49.6,39.3,45.2,186.9
G125,977,684,43.4,50.7,60.2,34.4,34.7,185.7
G124,978,682,41.7,57.2,62.6,40.7,34.4,179.8
G123,979,680,27.1,47.9,46.9,36.7,46.8,190.7
G122,980,678,36.4,41.2,50.5,27.8,41.2,195.7
G121,981,676,29,46.2,47.3,34.5,45.8,192.4
G119,982,672,50.2,42.3,61.5,24.9,31,191.3
G118,983,670,47.4,47.9,61.7,30.8,32.4,187.5
G117,984,668,42.1,51.2,59.5,35.2,35.6,185.5
G116,985,666,23.2,56.8,50.5,45.5,46,180.1
G115,986,664,67.5,42.3,74.8,21.1,18.6,186.4
G114,987,662,27.7,40.1,43.1,29.6,48,199.1
G113,988,660,22.8,40.5,39.4,31.6,51.7,200.1
G112,989,658,44.1,62.9,67.7,45.2,31.4,173.9
G111,990,656,18.4,24.3,27.8,18.8,56.6,221.7
G110,991,654,24.2,49.2,45.6,38.8,48.5,189.4
GJ412,992,652,355.1,-2,354.7,0.1,58.8,288.6
GJ409,993,646,14.2,27.9,24,20.2,59.8,225.7
GJ407,994,640,213.7,-9.4,214.6,3.6,-43.6,46.6
GJ406,995,638,230.3,-34.2,236.7,-15.6,-32.5,19.2
GJ405,996,636,199.4,-25.2,207.4,-16,-55.8,44.1
GJ404,997,634,211.2,-23,216.9,-10,-46.8,37.4
GJ403,998,632,205.4,-27.3,213.5,-15.9,-51.4,37.3
GJ402,999,630,197.7,-25.5,206.1,-16.8,-57,45.2
GJ401,1000,628,197.1,-47.4,216,-36.8,-56.1,17.4
GJ400,1001,626,221.8,-28.2,227.8,-11.9,-38.8,27.2
GJ399,1002,624,248.9,-28.4,251.4,-6.8,-17.7,15.1
GJ398,1003,622,256.3,-47.8,259.9,-25.3,-15.3,1.8
GJ397,1004,620,213.3,-25.3,219.6,-11.5,-45.2,34.1
GJ394,1005,614,216.3,30.8,201.2,42,-31.3,75.6
GJ393,1006,612,212.2,-35.8,222.4,-21.7,-46.2,25.4
GJ392,1007,610,230.4,-36.4,237.4,-17.7,-32.5,17.7
GJ391,1008,608,243,-40.8,248.6,-19.8,-23.5,10.3
GJ390,1009,606,115.9,-39.8,130.9,-59.2,-49.5,215.3
GJ389,1010,604,208.4,-34.9,218.9,-21.9,-49.1,28.1
GJ388,1011,602,213.2,-33.2,222.2,-19,-45.5,27.4
GJ387,1012,600,226,-42.7,235.8,-24.7,-35.8,14.6
GJ386,1013,598,243.2,-31.3,246.9,-10.3,-22.4,15.9
GJ384,1014,594,178.8,-28.8,191,-26.8,-70.5,64.6
GJ383,1015,592,216.1,-37.5,226.1,-22.2,-43.3,22.4
GJ382,1016,590,42.5,46,52.3,22.8,38.3,197.9
GJ381,1017,587.5,22.3,39.1,34.7,21.6,52.4,212.1
GJ380,1018,586,72.7,61,75.4,34.1,21.7,178.8
GJ379,1019,584.5,46.3,36.3,52.5,12.8,35.3,203.4
GJ378,1020,580,42.8,23.1,46,0.7,36.8,214.3
GJ377,1021,578,58,40.5,62.7,14.9,27.3,196.1
GJ376,1022,576,16,27.2,24.6,13,56.5,229.7
GJ375,1023,574,46.8,59.5,59.8,35,35.2,185.5
GJ374,1024,572,19.5,34.1,30.4,18,54.4,219.2
GJ373,1025,570,33.3,13.6,34.6,-5.6,42.9,227.6
GJ372,1026,568,38.8,45.9,49.7,23.5,40.7,199.1
GJ371-1,1027,566,51,36.8,56.4,12.4,31.9,201.1
GJ370,1028,564,47,46.5,55.8,22.4,35.2,196
GJ369,1029,562,58.4,35.9,62.2,10.3,26.4,198.6
GJ367,1030,558,42.5,57.6,56.4,33.8,37.8,188.1
GJ366,1031,552,0.7,61.3,34.8,47.5,59.8,183.6
GJ365,1032,550,59.2,54.8,66.1,28.8,28.1,186.5
GJ364,1033,547.4,37.2,47,49,24.9,41.7,198.6
GJ363,1034,546,40.4,35.5,47.5,13.2,39.5,206.7
GJ362,1035,542.5,25.2,58.3,46.4,38.2,47.6,189.6
GJ361,1036,540.5,45.5,50.9,56.1,26.9,36.2,193
GJ360,1037,538.5,23.5,65.5,54.4,40.2,41.3,183.8
GJ359,1038,536.5,51.7,58,64.4,27.5,29.2,188.2
GJ358,1039,534.5,61.8,-33.7,42.8,-63,5.2,249.2
GJ357,1040,532.3,50.9,42.4,59,12.8,29.8,199.3
GJ356,1041,530.3,37.9,52.6,54.1,25.3,37.4,195.2
GJ355,1042,528.3,92,59.6,87.7,26.9,9.2,177.1
GJ354,1043,526.3,1.3,48.9,29.6,35,60.9,204.7
GJ353-2,1044,524.3,29.6,45.5,45.4,21.4,43.6,203.4
GJ352,1045,521.4,14.6,55.5,42.4,34.9,50.1,195
GJ351,1046,519.5,355.7,36.2,16.4,27.8,68,231.6
GJ350,1047,516.5,33.2,29.2,40.8,5.5,42.4,216.3
GJ349,1048,514.5,35.7,47.9,50.6,21.7,39.4,199.6
GJ348,1049,512.5,44.6,46,55.7,17.6,33.9,198.8
GJ347,1050,510.5,15,40.9,33,22.9,54.1,212.8
GJ346,1051,508.5,38.6,54.7,55.5,27.1,36.7,193.2
GJ345,1052,506.5,357.5,43.4,22.9,32.6,65.4,215.3
GJ344,1053,504.5,40.6,49.6,54.5,21.9,36.1,197
GJ342,1054,500.5,80.2,-48.9,74,-81.8,-25.3,261.2
GJ341,1055,498.5,77.6,47.3,78.9,14.4,13.3,187.6
GJ340,1056,496.5,22.6,39,37.2,18.3,49.3,212.1
GJ338,1057,491.5,81.3,27.9,81.4,-5.1,6,194.9
GJ337,1058,486.5,10.8,43.7,31.9,26.9,56.4,210.7
GJ336,1059,484.5,59.7,45,65.9,13.7,24.2,194.8
GJ335,1060,482.5,52.5,19.1,53.8,-9.9,27.4,213.4
GJ334,1061,480.5,23.9,40.9,39.1,19.4,48.2,209.7
GJ333,1062,478.5,32.9,58.1,54,31.6,39.3,190.9
GJ332,1063,476.5,20.9,42.3,37.8,21.7,49.9,209.2
GJ231,1064,474.5,59.6,20.3,61.4,9.3,26.8,199.6
GJ230,1065,472.2,89,50.3,89.8,37.3,10.7,170.3
GJ229,1066,470.2,35.2,11.7,36.8,4.6,45,220.4
GJ228,1067,468.2,37.6,11.6,39.1,4.1,43.2,218.5
GJ227,1068,466.2,52.6,45.3,59.2,34.8,35.7,185.9
GJ226,1069,464.2,18.9,35.3,26.9,30.8,61.7,212.3
GJ225,1070,462.2,6.3,43.5,18.2,41.4,72.4,207.5
GJ224,1071,460.2,35.7,15.5,37.9,8.2,45.4,217.5
GJ223,1072,458.2,50,35.8,55,25.8,36.8,194.3
GJ222,1073,456.2,38.2,46.7,47.4,38.3,46.8,188.9
GJ221,1074,454.2,50.8,17.8,52.8,8,33.6,205.7
GJ220,1075,451.8,25.2,39.8,34,33.9,56.9,202
GJ219,1076,449.8,43.7,21.5,46.6,12.7,40.1,207.7
GJ218,1077,447.8,52.7,23.8,55.5,13.7,33,201
GJ217,1078,445.8,57.9,35.4,62,24.5,30.5,191.2
GJ216,1079,443.8,91.9,46.3,92.1,33.3,7.5,171.6
GJ215,1080,441.8,37.2,46.4,46.5,38.2,47.5,189.5
GJ214,1081,439.8,55.5,36.4,60,25.8,32.5,191.5
GJ213,1082,437.8,85.8,25.8,86.4,13,6.5,184.5
GJ212,1083,435.8,67.6,30,69.9,18.1,22,190.5
GJ211,1084,433.8,64.5,38.9,68.3,27.2,25.8,186.4
GJ210,1085,431.8,45.7,30.8,50.3,21.6,39.6,199.9
GJ209,1086,429.8,26.9,42.1,36.1,35.8,55.7,198.4
GJ208,1087,427.8,43.9,28.3,48.1,19.4,40.8,202.7
GJ207,1088,425.8,47.2,22,50.1,12.7,37.2,205.1
GJ206,1089,423.8,37.5,6.2,37.9,-1.1,42.3,222.2
GJ205,1090,421.8,42.6,27.6,46.8,18.9,41.7,203.9
GJ204,1091,419.8,27.4,25.2,32.2,19.3,53.5,216.3
GJ203,1092,417.8,28.4,33.2,35.1,27,53.8,207.6
GJ202,1093,415.8,25.2,14.3,27.7,9.1,53,228
GJ201,1094,413.8,47.1,17.2,49.2,7.9,36.5,208.3
GJ200,1095,411.8,60.5,52.5,67.3,41.1,30.6,177.5
GJ199-2,1096,409.8,55.3,34.4,59.6,23.8,32.3,193
GJ198,1097,407.8,81.4,49.3,83.6,36.5,15.5,173.6
GJ197,1098,405.8,45,24.2,48.4,15.2,39.3,205
GJ196,1099,404.8,59,28.9,62,17.9,28.7,194.9
GJ195,1100,403.8,122.2,33.3,119,21.7,-17.9,162.7
GJ194,1101,401.8,43.1,47.3,51.7,38.1,43,186.9
GJ193,1102,399.8,27.7,33.4,34.8,28,54.4,207
GJ191,1103,395.8,55.8,24.2,58.7,14.2,30.5,198.8
GJ190,1104,393.8,62.4,21.5,64.4,10.6,24.7,197.2
GJ188,1105,389.8,24.9,26.2,30.2,21.6,55.8,216.8
GJ187,1106,387.8,43,43.7,51.2,35.3,42.7,189.6
GJ186,1107,385.2,28.3,24.3,33,19,52.8,215.7
GJ185,1108,384.2,74.1,40.8,78.1,25.9,17,182.3
GJ184,1109,382.2,76.7,23.8,78.4,8.8,12.2,190.4
GJ183,1110,380.2,74.7,33,77.6,18.2,15.4,186.5
GJ182,1111,378.2,45.3,36.3,52.6,25.8,38.9,195.8
GJ181,1112,375.2,42.6,15.2,45,5.9,39.3,212.5
GJ180,1113,373.2,34.7,25.2,40.2,17.3,46.6,210.1
GJ179,1114,371.2,107.9,-69.5,137,-84.5,-38.5,268.8
GJ178,1115,369.2,56.4,47.7,65,34.9,30.8,183.1
GJ177,1116,367.2,61.5,33.6,66.1,20.3,25.8,191.4
GJ176,1117,365.2,51.9,43.1,60.1,31.2,33.9,188
GJ175,1118,363.2,35.7,24.3,40.8,16.3,45.8,210.2
GJ174,1119,362,21.9,36.7,32.2,31.4,57.6,206.2
GJ173,1120,352,21.3,44,34.6,38.4,57.8,196.5
GJ172,1121,350,57.3,17.3,59.3,5,27.4,202.9
GJ171,1122,348,50.1,18.7,52.8,7.7,33.5,205.9
GJ170,1123,346,53.7,31.6,58.8,19.6,31.9,195.8
GJ169,1124,344,57.9,0.6,56.9,-11.6,24.5,212
GJ168,1125,342,60.5,30.4,64.6,17.3,26.3,193.8
GJ167,1126,340,35.3,28.9,41.7,20.7,46.5,206.7
GJ166,1127,338,33.9,33,41.7,24.9,47.8,203.7
GJ165-1,1128,336,59.7,58.8,70.9,45.2,28.8,172.7
GJ164,1129,334,49.8,26.5,54.3,15.3,34.5,200.9
GJ163-2,1130,332,55.8,25.9,59.6,13.7,29.6,198.5
GJ162,1131,330,118.8,57.5,112.9,42.3,-5.3,155.7
GJ161,1132,328.5,89.1,32,90.2,16.1,4,181.1
GJ160,1133,326.5,90.2,43.2,91.6,27.3,6,175
GJ159,1134,324.5,70,50.5,76.3,35.9,21.5,177.3
GJ158-2,1135,322.5,36.3,57.7,53.3,47.9,44.2,176.4
GJ157,1136,320.5,52.8,31.8,58.1,20,32.6,196
GJ156,1137,318.5,48.6,25.9,53,15,35.5,201.9
GJ155-2,1138,316.5,37.8,33.5,45.3,24.6,44.7,201.3
GJ154,1139,314.5,85.3,57.9,88.9,42.3,13.1,167.5
GJ153,1140,312.5,79.1,51.5,83.5,36.2,15.5,173.8
GJ152,1141,310.5,57.5,34.5,62.7,21.8,29.1,192.4
GJ151,1142,308.5,62.2,44.4,68.8,30.9,26.4,183.9
GJ150,1143,306.5,59.5,39.7,65.6,26.6,27.9,188.1
GJ149,1144,304.5,53.1,42,60.7,29.9,33.1,188.6
GJ148,1145,302.5,64.9,41.5,70.5,27.7,24,185
GJ147,1146,300.5,37,38.3,46,29.4,45.5,197.3
GJ146-2,1147,298.5,18.8,41.7,31.5,36.9,59.9,200.7
GJ145,1148,296.5,53.6,29.1,58.2,17.2,31.7,197.5
GJ144-1,1149,294.5,40.3,31.1,46.8,21.7,42.6,202.2
GJ143,1150,291.2,41.9,25.3,46.7,15.8,40.9,205.9
GJ142,1151,289.2,26.6,45.9,39.9,39,53.4,192.4
GJ141,1152,287.2,35.8,28.7,40.8,20,47,207.8
GJ140,1153,285.2,17.5,38.2,26.8,32.9,62.5,210.1
GJ139,1154,283.2,50.6,32.4,54.9,21.3,35.6,197.2
GJ138,1155,281.2,37.9,31.9,43.4,22.8,45.7,203.9
GJ137,1156,279.2,64.9,29.8,67.3,17,23.9,192.4
GJ136,1157,277.2,14.6,42.1,25.5,37.2,65,206
GJ135,1158,274.1,37.5,44.7,46.3,35.3,46.9,192.3
GJ134,1159,271.1,40.8,27.3,45.1,17.7,42.8,205.9
GJ133,1160,269.1,54.6,33.5,58.7,21.8,32.5,194.6
GJ132,1161,267.1,48.7,41.5,55,30.4,38.1,191.3
GJ131,1162,265.1,37.3,33.3,43.2,24.2,46.3,203.1
GJ130,1163,263.1,44.1,27,48,16.9,40.2,204.3
GJ129,1164,259.7,12.7,41.4,23.6,37,66.5,208.4
GJ128,1165,257.7,12.4,14.8,15.6,11.4,60.9,244.9
GJ127,1166,255.7,29.1,43.9,38.8,36,53.5,196.3
GJ126,1167,253.7,1.5,61.7,25.4,58.3,67.7,159.9
GJ125,1168,251.7,43,44.8,51,34.5,42.7,190.3
GJ124,1169,249.7,62.2,35.3,65.6,22.7,26.9,190.3
GJ123,1170,247.7,37.8,49.5,48,39.9,46.7,187.1
GJ122-1,1171,245.7,74.3,38.3,76.5,24.7,18.1,183.7
GJ121,1172,243.7,40.6,40.5,47.8,30.7,44.3,195.2
GJ120,1173,241.7,40,33.5,45.6,24,44.2,201.5
GJ119,1174,239.7,58.9,36.3,62.9,24,29.5,191
GJ118,1175,237.7,38.5,33.9,44.4,24.6,45.4,201.9
GJ117,1176,235.7,66.3,41.7,70,28.7,24.7,184.7
GJ116,1177,233.7,38,26.6,42.3,17.5,45,208.2
GJ115,1178,231.7,11.8,32,19.6,28.2,66.1,225.3
GJ114,1179,229.7,57.8,28.8,60.7,16.7,29.4,196.3
GJ113,1180,227.7,75.4,57.8,79.2,44.1,21.6,170.3
GJ112,1181,225.7,33.1,31.5,39,23.2,49.4,207.1
GJ111,1182,223.7,48.8,28.1,52.6,17.3,36.5,200.9
GJ110,1183,221.7,20.2,34.3,28,28.6,60,213.3
GJ109,1184,219.7,69.7,41.1,72.8,27.8,22.1,183.8
GJ108-1,1185,218,27.6,45.3,38.1,37.6,54.6,195
GJ107,1186,216.3,49.6,13.9,51,3.1,33.6,209.4
GJ106,1187,213.5,338.3,34.3,348.3,38.4,76,329.7
GJ105,1188,209.5,35.5,40,43.3,31.1,48.3,197.8
GJ104-2,1189,207.5,37,18.1,39.7,9.5,44.5,215.1
GJ103-2,1190,205.5,28.1,34.5,35.2,27.1,53.8,207.4
GJ102,1191,203.5,46.7,46.6,54.5,35.7,40,187.5
GJ101-2,1192,201.5,17.7,44.4,29.1,38.8,62.5,200.3
GJ100,1193,199.5,36.3,35.4,42.8,26.5,47.3,201.7
GJ99,1194,197.5,42.3,35.8,46.1,22.4,43.4,202.2
GJ98,1195,195.5,41.6,23.3,43.7,10.1,41.6,211.4
GJ97,1196,193.5,45.5,25.7,47.6,12,39,207.3
GJ96,1197,191.5,53.6,21.5,54.8,7.1,31.7,204.8
GJ95,1198,189.5,45.3,17.4,46.5,3.8,37.4,212.4
GJ94,1199,187.5,33.3,39.5,39,27.1,50.7,204.2
GJ93,1200,185.5,46.4,39.2,50.1,25.3,40.8,197.6
GJ92,1201,183.5,47.9,26.3,49.8,12.4,37.4,205.5
GJ90,1202,181.5,29.3,43.2,36.4,31.4,54.2,202.6
GJ91,1203,181.5,79.7,48.3,77.9,33.4,19.4,178.1
GJ89,1204,178.5,16.9,43.8,26.2,34,63.4,209.4
GJ88,1205,176.5,62.4,50.6,64.3,35.7,31.6,182.8
GJ87,1206,175.1,38.3,39.9,43.4,27,47,200.9
GJ86,1207,172,46.5,32.7,49.3,18.9,39.7,202.2
GJ85,1208,170,42.8,34.5,46.3,21,42.8,203
GJ84,1209,168,43.1,31.1,46.2,17.7,41.9,205.1
GJ83,1210,167,51,26.8,52.8,12.5,34.9,203.4
GJ82,1211,165,53.7,23.6,55,9.2,32.2,203.6
GJ81,1212,163.5,54.4,38,56.8,23.5,34.6,194.7
GJ79,1213,161.5,42.1,58.2,49.4,48.6,47.6,176.9
GJ80,1214,161.5,35.8,28.4,39.2,15.9,47,211.8
GJ78,1215,159.5,35.7,37.8,40.1,29,50.3,201.8
GJ77,1216,157.5,20.7,29.1,24.9,22.4,60,222.7
GJ76,1217,155.5,42,50.7,47.7,41.2,47.3,185.9
GJ75,1218,153.5,36,46.1,41.8,37.3,51.3,193
GJ74,1219,151.5,31.1,32.8,35.1,24.6,53,209.5
GJ73,1220,149.5,46.1,27,48.2,17.3,40.1,203.9
GJ72,1221,147.5,227.6,-4.4,227.6,5.3,-33.7,35.9
GJ71,1222,143,182.7,-45.7,192.4,-41.5,-77,37.7
GJ70,1223,141,189.1,-54.2,201,-48.7,-71.8,6.7
GJ69,1224,139,210.3,-23.6,213,-15.6,-51.6,38
GJ68,1225,137,213.4,-28,216.5,-19.5,-50.3,31.9
GJ67,1226,135,208.9,-39.2,214.2,-31.2,-55.9,24.6
GJ65,1227,131,244.8,-34.9,245.9,-24,-27,9.4
GJ64,1228,129,253.6,-36.2,253.7,-25.2,-20.6,4.8
GJ63,1229,127,259,-33.9,258.6,-22.9,-15.8,3.6
GJ62,1230,125,231.6,-38.4,234.3,-28.2,-38.1,13.2
GJ60,1231,121,227.9,-44.9,231.8,-35,-42.1,9.5
GJ59,1232,119,225.7,-20.7,227.2,-11,-39.1,28.2
GJ58,1233,117,47.6,47.4,51.9,37.4,42.7,187.4
GJ57,1234,115,33.9,28.3,37.1,19.7,49.9,211.2
GJ56-1,1235,113,42.9,19.7,44.4,10.3,41.1,210.7
GJ55-2,1236,111,29.3,29.6,34.7,24.1,53.2,210.3
GJ54,1237,109,6.8,47.2,19.3,45.4,72.7,196.7
GJ53,1238,107,53.1,60.4,63.6,50.7,36.4,170
GJ52-1,1239,105,18.6,29.8,24.8,26.3,61.6,219.4
GJ51,1240,103,32.3,44.3,41.3,38,51.9,192.6
GJ50,1241,101,4.5,52.6,19.8,51.1,73.1,180
GJ49,1242,99,44.3,38.9,50.5,30.8,42.1,193.5
GJ48,1243,97,19.9,47.2,31.3,43,61.8,192.5
GJ47,1244,95,13.2,38.1,22,35.5,67.2,212.6
GJ46,1245,93,43.2,59.8,47.1,53.2,50.4,171.2
GJ45,1246,91,40.1,36,42.1,29.7,48.9,199.7
GJ44,1247,89,79.5,42.7,78.4,35.8,19.7,176.4
GJ43,1248,87,74.7,49,73.8,42,25.4,174.1
GJ42-2,1249,85,37.5,35.2,39.6,29.1,50.8,202.1
GJ38,1250,77,29.2,45.7,33,40,59.6,195.6
GJ37,1251,75,46.7,18.5,47.3,11.9,39.3,207.6
GJ36,1252,73,63.4,64.1,64.2,57.1,37.5,162.2
GJ35-1,1253,71,30.9,55.2,35.9,49.3,59.2,180.2
GJ33,1254,67,59.6,67.5,61.2,60.5,40.5,158
GJ30,1255,62,48.3,34.9,49.7,28.3,42,195.8
GJ29,1256,60,64.4,39.3,64.6,32.3,30.4,185
GJ27,1257,56,27.4,62,34.4,56.3,61,167
GJ24,1258,50,350.7,67.6,5.7,65.1,73.1,111.8
GJ23,1259,48,7.4,45.4,12.9,41.5,76.6,216.6
GJ21,1260,44,8.7,35.7,19.8,38,69.9,211.8
GJ20,1261,42,23.1,61.6,48.7,58.1,49.7,163.2
GJ19,1262,40,26.1,43.3,39.6,40.7,54.1,190.6
GJ18,1263,38,351.3,38.3,3.3,44.8,84.7,244.4
GJ17,1264,36,52.1,17.2,55.2,9.5,32.1,203.4
GJ16,1265,34,11.1,47.3,27.8,48.3,66,184.8
GJ15,1266,32,0.5,67.7,38.7,68.6,54.8,140.3
GJ14,1267,30,23.2,27.7,30.9,26.7,57.1,211.9
GJ13,1268,28,42.9,72.9,74.2,63.8,32,151
GJ12,1269,26,57,54.3,70.4,44.4,29,173.5
GJ11,1270,24,42.6,26.1,48.6,20.2,40.6,201.9
GJ8,1271,18,37.2,37.5,47.2,32.6,45.4,194.1
GJ7,1272,16,345.5,23.2,351.9,31.7,74.5,308.5
GJ6,1273,14,30.9,39.5,42.2,36,50.6,194.1
GJ5,1274,12,229.4,-36.6,237.7,-28.8,-35.3,10.9
GJ1,1275,0,25.2,22.7,31.3,21.3,54.9,215.8