Sample,Depth,RStrike,Dip,Demagnetization,n,MAD,Dg,Ig,Ds,Is,Plong,Plat,D*,I*,Plon*,Plat*,f
6D,22.48,276,63,580-673,9,13.8,293,38.5,317.3,4.5,326.4,40,317.3,8.9,328.7,41.4,0.5
7C,25.55,312,57,665-680,4,5.9,271.9,21,309.8,44.4,359.7,46.1,309.8,63,26.8,49.4,0.5
7E,25.58,312,57,660-680,5,6,268.2,13.8,298.7,43.9,4.1,36.7,298.7,62.6,26.9,41.5,0.5
7F,26.39,312,57,650-677,5,12.1,308.1,7.3,316,7.2,328.9,39.9,316,14.2,332.6,42.1,0.5
7H,26.94,312,57,660-680,5,8.3,300.2,28,330.9,24,324.6,56.9,330.9,41.7,344,63.2,0.5
7J,28.29,312,57,640-660,5,7.1,309.8,18.1,326.2,11.5,321.6,48.9,326.2,22.1,328.3,52.7,0.5
7L,29.81,312,57,660-680,5,6.1,303.5,34.1,338.2,24.1,314.9,62,338.2,41.8,336.9,69.2,0.5
7Q,32.15,312,57,660-690,5,2.4,265.6,43.3,341.9,54.6,10.3,74.7,341.9,70.5,60,64.1,0.5
7S,33.92,312,57,665-690,5,3.9,281.4,39.1,337.2,42.4,339.2,68.6,337.2,61.3,30.3,69.3,0.5
8B,36.84,312,57,660-690,5,1.7,283.2,38.7,337,41,336.9,67.9,337,60.1,26.4,69.6,0.5
8C,37.05,312,57,660-680,5,5.6,284.5,44.6,345,41.2,325.2,74.2,345,60.3,35.6,75,0.5
8F,38.5,312,57,620-665,5,7.2,290.9,-8.8,292.7,12.4,347.3,22.5,292.7,23.7,353.1,25.7,0.5
8G,38.79,312,57,665-690,5,8,242.7,60.5,22,59.4,143.7,70.6,22,73.5,106.1,59.1,0.5
8I,40.25,312,57,640-660,5,8.3,277.8,33,328.1,43.8,349.3,61.4,328.1,62.5,28.6,62.5,0.5
8K,41.29,312,57,650-670,5,13.2,265.1,63.6,14.1,49.5,179.3,77.8,14.1,66.9,111.4,69.7,0.5
8M,43.97,312,57,600-645,5,7,308.7,34.8,340.9,20.5,307.8,62.1,340.9,36.8,324.5,69.3,0.5
8Q,45.87,312,57,620-655,5,8.6,259,35,326.2,59.4,20.4,61.8,326.2,73.5,54.9,54.8,0.5
8R,47.95,312,57,640-665,6,10.3,282.4,33.8,330.6,40.3,342.2,62.5,330.6,59.5,21.7,65.1,0.5
10A,50.62,299,56,640-660,5,3.9,254.1,38.7,319.8,53.7,9,56.5,319.8,69.8,43.3,54.3,0.5
10D,55.72,299,56,660-677,5,7,229.2,69.5,17.5,52.8,165,75.3,17.5,69.2,110.7,65.9,0.5
10H,64.66,299,56,650-670,5,6.3,331.9,40,349,0.8,284.6,56.5,349,1.6,284.8,56.9,0.5
10M,67.7,299,56,645-665,5,1.7,252.1,67.1,5.3,48.6,203.1,84.7,5.3,66.2,96.5,73.1,0.5
10N,69.54,299,56,640-660,5,4.6,240.4,52.9,348.9,60.8,44.9,76.9,348.9,74.4,73.3,60.5,0.5
11B,71.3,299,56,620-650,5,2,290.5,27.6,318.5,21.6,335,46.5,318.5,38.4,348.8,51.8,0.5
11C,72.06,299,56,640-660,5,2.4,286.6,34.9,324.1,27.8,334.7,53,324.1,46.5,355.7,58.7,0.5
11E,72.32,299,56,655-670,4,4.8,290,17.3,308.8,16.9,339.5,37.2,308.8,31.3,348.7,41.5,0.5
11F,72.68,299,56,600-660,7,10,323.5,63.4,3.3,20.3,255.6,68.1,3.3,36.5,249.6,77.7,0.5
11J,74.26,299,56,655-670,4,8.2,331.1,60.1,3,15.4,257.1,65.5,3,28.9,254.4,73,0.5
11L,75.33,299,56,645-665,5,3.1,284.9,59.9,352.1,35.8,296,75.7,352.1,55.3,25.5,82.5,0.5
11N,75.98,299,56,620-650,5,5.2,269.2,58.8,350.5,43.8,318.3,79.4,350.5,62.5,54.4,76.2,0.5
11U,79.11,299,56,640-660,5,5.7,266.4,48.3,335.8,45.6,346.8,68.4,335.8,63.9,36.9,67,0.5
12A,82.52,299,56,650-670,5,3.2,278,34.3,320.4,34.1,343.3,52,320.4,53.6,8.7,57,0.5
12E,85.97,299,56,620-650,5,6.2,317.4,48.8,348.8,14.4,289.4,63,348.8,27.2,296.8,69.5,0.5
11I,88.22,299,56,650-670,5,3.6,303.5,26,323.2,10.8,324.3,46.5,323.2,20.9,330.4,50,0.5
12K,89.62,299,56,640-670,7,14.9,292.9,67.2,1.5,33.3,258.4,75.9,1.5,52.7,133.4,88.3,0.5
13H,98.36,296,70,655-670,4,5.5,270.6,38.9,330.1,31.9,332.6,59.2,330.1,51.2,1.6,64.7,0.5
13I,99.49,296,70,650-670,5,3.4,308.7,45,342.1,5.5,297.7,56.1,342.1,10.9,300.1,58.5,0.5
14A,102.29,296,70,655-675,5,1.7,288.2,53.8,347.4,20.5,295.4,65.5,347.4,36.8,311.3,73.8,0.5
14D,102.61,296,70,660-675,4,6.9,294.7,31.7,325.8,11.4,322,48.6,325.8,22,328.7,52.3,0.5
14G,105.41,296,70,655-680,6,8.6,252.6,48.6,344.8,43.1,330,74.9,344.8,61.9,41,73.8,0.5
14I,106.48,296,70,640-660,4,5.8,292.6,51.6,345.4,17.6,297.8,63.2,345.4,32.4,309.9,70.3,0.5
14P,108.98,296,70,650-673,6,7.1,277.9,45.7,338,26.7,317.4,63,338,45.2,344,70.1,0.5
14R,110.14,296,70,640-680,5,7.9,278.6,51.8,344.8,26.3,305,67,344.8,44.7,334.3,75.5,0.5
14S,110.14,296,70,640-690,10,6.9,248.8,4.3,281.1,45.5,12.8,22.8,281.1,63.8,32,29.6,0.5
14U,110.98,296,70,645-670,6,3.9,264.7,17.1,303.4,34.6,354.2,37.9,303.4,54.1,13.5,43.3,0.5
14V,112.54,296,70,650-670,5,1.3,303.6,47.2,342.9,9.6,298.2,58.3,342.9,18.7,303.1,62.4,0.5
14X,113.97,296,70,645-665,5,9.7,286.9,46.7,339.7,20.5,309.7,61.4,339.7,36.8,326.5,68.4,0.5
14Z,115.19,296,70,660-680,6,8.8,266.9,25.4,313.8,34,347.7,46.5,313.8,53.5,10,51.6,0.5
14-B,116.4,296,70,630-655,5,2.3,277.3,43.8,335.9,27,320.7,61.7,335.9,45.5,346.5,68.4,0.5
14-E,118.24,296,70,660-680,5,0.8,269.1,39.5,330.8,33.1,333.1,60.2,330.8,52.5,4.3,65.5,0.5
14-G,119.77,296,70,630-655,5,2.4,248.1,2.3,278.1,45.3,13.9,20.3,278.1,63.7,32.6,27.6,0.5
14-L,123.13,296,70,645-680,8,7.3,244.4,41,337.5,51.3,359.6,71,337.5,68.2,50.2,64.8,0.5
14-N,128.59,296,70,660-680,5,3.8,285.3,54.5,347.9,22.3,295.4,66.6,347.9,39.4,314.7,75.4,0.5
15A,131.89,296,70,640-660,5,2.3,291.9,60.7,354.8,19.3,277.6,67.2,354.8,35,285.4,76.3,0.5
15C,134.18,296,70,645-665,5,6.8,238.4,83,21.8,25.9,212.2,62.8,21.8,44.2,186.9,70,0.5
15E,135.49,296,70,650-680,7,10,249.2,80.1,18.4,27,216.9,65.5,18.4,45.5,187.7,73.2,0.5
15G,137.58,296,70,645-665,5,4,281.6,72.1,7.1,23.4,244.6,69,7.1,40.9,227,79.2,0.5
15J,139.09,296,70,660-680,5,5.1,14.8,84.1,24.8,14.2,216.2,56,24.8,26.8,207.1,61.1,0.5
17B,140.1,284,65,660-677,5,3.6,279.8,44.7,337,25.3,317.7,61.7,337,43.4,341.3,68.7,0.5
17C,144.84,284,65,620-660,7,11.2,282.3,70.7,5.5,23.4,248.9,69.4,5.5,40.9,234,80,0.5
17D,149.14,284,65,655-673,5,2,223.4,48.1,3.5,58.6,105,82.3,3.5,73,88.4,63.5,0.5
17G,149.67,284,65,650-673,5,9.1,249.1,61.2,0.9,39.1,259.5,79.9,0.9,58.4,90.1,83.1,0.5
18C,159.48,284,65,640-660,5,4.5,298.1,38.4,324.3,5.1,320.2,45.3,324.3,10.1,322.8,47,0.5
18E,160.6,284,65,630-673,7,7.3,302.5,38.2,325.8,2,317.1,45.2,325.8,4,318.1,45.9,0.5
18H,161.57,284,65,620-655,5,1.3,278,73.5,355.7,25.6,277.2,70.9,355.7,43.8,295.1,82.4,0.5
18T,171.92,284,65,645-665,4,4.5,284.7,62.4,344.1,21.7,302.8,64.4,344.1,38.5,321.6,72.4,0.5
18W,177.15,284,65,620-650,5,5.9,299.9,43.5,329.4,6.4,315.4,49.2,329.4,12.6,318.7,51.5,0.5
18Y,178.54,284,65,620-670,8,11.1,299.2,36.2,322.7,3.3,320.9,43.5,322.7,6.6,322.6,44.7,0.5
19A,180.76,284,65,650-670,5,3.7,285.6,40.5,322.2,14.8,327.5,47.1,322.2,27.9,336.5,51.5,0.5
19C,182.37,284,65,630-655,5,2.8,250.4,45.4,323.4,40.8,348.3,56.6,323.4,59.9,21.2,59.6,0.5
19J,186.45,284,65,650-670,5,5.1,287.3,49.8,331.7,16.8,318.5,54.7,331.7,31.1,330,60.1,0.5
19K,187.42,284,65,650-670,5,12.4,9.3,79.1,13.1,14.1,235.5,62.1,13.1,26.7,227.8,68.3,0.5
19M,188.52,284,65,650-680,5,7.6,274.7,43.2,322.4,23.3,332.8,50.1,322.4,40.7,348.8,55.7,0.5
19R,191.79,284,65,620-650,5,7.3,19,65.1,16.1,0.2,235.8,54.5,16.1,0.4,235.7,54.6,0.5
19V,198,284,65,630-655,5,9.5,275.7,51.3,331.2,24.3,324.5,57.2,331.2,42.1,344.3,63.5,0.5
20A,206.28,292,43,600-665,9,8.6,339.2,43.4,352.1,8,280.7,60.9,352.1,15.7,282.9,64.7,0.5
20F,207.93,292,43,620-655,5,2.7,339.8,57,359.1,19.8,266.7,68,359.1,35.8,268.2,77.6,0.5
20I,210.75,292,43,655-673,5,6.5,316.2,43,337.7,17.1,310.6,58.7,337.7,31.6,322.8,64.8,0.5
21B,212.66,292,43,640-665,6,11.5,300.1,56.3,340.7,33.7,320.6,67.8,340.7,53.1,4.7,73.8,0.5
21D,212.91,292,43,660-680,5,9.3,303.4,56.9,342.5,32.6,316,68.6,342.5,52,0.6,75.2,0.5
21G,213.5,292,43,660-680,5,2.2,318.3,61.8,352.7,30.1,288.5,72.6,352.7,49.2,337.5,83.4,0.5
21H,214.06,292,43,650-670,5,8.9,259.6,30.2,292.3,43.1,6.1,31.1,292.3,61.9,26.8,36.8,0.5
21J,214.8,292,43,665-680,5,3.7,293.1,39.1,321.6,26.8,336.1,50.7,321.6,45.3,355.2,56.3,0.5
21L,215.23,292,43,630-655,5,1.7,279.7,79.1,5.9,48.2,203.2,84.1,5.9,65.9,98.2,73.4,0.5
21P,215.77,292,43,665-680,5,5.7,255.2,27.8,286.4,44.6,9.8,26.7,286.4,63.1,29.8,33,0.5
21Y,218.38,292,43,600-645,5,3.8,252.6,71.7,356.2,56.1,50.2,84.6,356.2,71.4,79.1,66,0.5
21-E,219.49,292,43,650-670,5,10.4,299.4,38.9,325,23,330.2,52.1,325,40.3,346.6,57.8,0.5
22B,221.59,292,43,655-677,5,14.1,299.4,19.3,310.6,9.1,334.1,36.3,310.6,17.8,338.8,38.9,0.5
22C,221.82,292,43,650-670,5,2.8,302,31.8,321.2,16.5,329.5,46.9,321.2,30.6,339.5,51.6,0.5
22D,224.25,292,43,620-650,5,2.3,350.2,83.9,17.7,41.7,197.6,72.4,17.7,60.7,135.3,73,0.5
22G,228.26,292,43,650-670,4,4.4,302.8,45.5,332.2,25.6,324.4,58.4,332.2,43.8,346.3,64.9,0.5
22I,230.75,292,43,660-677,5,3.3,285.7,53.8,332.6,39.4,339,63.8,332.6,58.7,20.1,66.7,0.5
22K,231.31,292,43,645-665,5,5.6,295.1,51.4,333.8,33.3,329.9,62.6,333.8,52.7,4.2,68,0.5
22M,232.79,292,43,600-670,10,5.5,333.2,69.7,4.1,32,249.3,74.7,4.1,51.3,177,86.5,0.5
23B,234.34,281,65,650-670,5,4.3,307.7,54.2,339.3,6,302.2,54.9,339.3,11.9,305.1,57.5,0.5
23C,236.63,281,65,630-655,5,1.2,309.7,65.2,348.9,11.6,288.1,61.7,348.9,22.3,293.2,67,0.5
23G,239.98,281,65,620-655,5,5.1,300.2,57.8,340.1,11.5,303.7,57.7,340.1,22.1,310.3,62.3,0.5
23H,241.08,281,65,640-660,5,2.7,305.3,42.6,328.9,0.7,313.2,46.7,328.9,1.4,313.5,47,0.5
23K,241.6,281,65,655-675,5,2.8,265.6,60,337.5,29.1,320.4,63.6,337.5,48.1,351.2,70.4,0.5
24B,254.94,281,65,660-673,4,9.7,303.8,50.6,335,5.9,308.2,52.5,335,11.7,311.2,54.9,0.5
24I,256.6,281,65,655-673,5,7.1,249.7,65.1,344.8,35.6,315.4,71.5,344.8,55.1,13.7,76.9,0.5
24J,257.4,281,65,640-655,4,9.2,250.5,37.8,310.6,38.5,353.5,45.1,310.6,57.9,17.6,49.7,0.5
24N,260.05,281,65,630-655,5,2,272.8,54.7,331.9,24.8,324.1,57.9,331.9,42.7,344.7,64.3,0.5
24P,261.88,281,65,620-650,5,2,255.5,56.1,333.3,34.6,332,62.7,333.3,54.1,7.9,67.6,0.5
24R,262.57,281,65,640-673,8,9,299.9,55.7,338.2,10.6,306.1,56.3,338.2,20.5,312.1,60.5,0.5
25D,266.6,281,65,650-670,5,3.4,289.8,60.9,340.7,17.6,306.2,60.7,340.7,32.4,319,67.3,0.5
25G,272.98,281,65,660-680,5,2.3,309.6,66.1,349.7,12.2,286.7,62.3,349.7,23.4,292,67.9,0.5
25I,274.74,281,65,660-680,6,12.4,129,82.4,18.6,28.4,215.2,66,18.6,47.2,182.9,73.5,0.5
25K,278.18,281,65,650-670,5,5.6,121.4,81.9,19.6,27.6,214.2,65,19.6,46.3,184.3,72.4,0.5
26A,279,298,51,650-670,5,4.1,256,48.9,330.3,54.7,9.5,65.2,330.3,70.5,50.2,59.3,0.5
26H,284.4,298,51,630-673,9,7,335.5,48.7,356,9.2,272.9,62.2,356,17.9,274.3,66.7,0.5
27A,285.38,298,51,640-670,6,10.7,344.9,52.8,3.3,9.1,257.2,62.2,3.3,17.8,256,66.7,0.5
27F,286.73,298,51,660-677,5,3.6,301.2,38.4,331.1,20.9,322,55.9,331.1,37.4,337.8,61.9,0.5
27I,290.24,298,51,630-655,5,6.8,319.3,28.9,333.2,3.3,309.3,50.4,333.2,6.6,310.9,51.7,0.5
27J,290.24,298,51,640-690,6,10.1,289.2,68.4,0.1,39,263.8,79.8,0.1,58.3,85,83.2,0.5
27L,291.73,298,51,665-690,5,5,275,34.3,315.2,37.3,349.8,48.7,315.2,56.7,15,53.2,0.5
27M,294.23,298,51,665-690,5,1.4,287.7,41.1,327.9,31.2,334.1,57.2,327.9,50.5,0.9,62.8,0.5
28D,296.39,298,51,655-673,5,1.7,327.2,37.8,344.2,4.9,294,56.8,344.2,9.7,296,58.9,0.5
28E,296.91,298,51,630-655,5,4.4,329.8,68.9,8.1,26.1,240.6,70.1,8.1,44.4,213.1,80.7,0.5
28G,297.58,298,51,640-675,6,7.3,337.3,61.7,5.2,18.7,251.1,66.9,5.2,34.1,243.9,75.7,0.5
29A,298.27,298,51,660-677,5,2.3,282.7,44.5,329.8,36,337.4,60.4,329.8,55.5,11.4,64.8,0.5
29C,298.39,298,51,655-675,5,4.5,289.1,48.9,336.8,33.6,326.4,65,336.8,53,4.6,70.5,0.5
29H,300.82,298,51,620-655,5,1.4,308.3,36.3,332.8,15.1,316.1,54.8,332.8,28.4,326.1,60,0.5
29K,302.73,298,51,640-660,5,4.9,301.5,29.2,323.4,15.4,326.7,48.2,323.4,28.9,336.3,52.8,0.5
29M,303.45,298,51,640-660,5,6.2,297.8,48.1,338.8,28,317.4,64.1,338.8,46.8,347,71.2,0.5
29T,306.34,298,51,630-655,5,1.9,280.6,46.9,331.9,38.2,338.1,62.8,331.9,57.6,17,66.4,0.5
29W,307.72,298,51,600-665,8,12.2,352,48.2,4.9,2.9,254.8,58.9,4.9,5.8,254.4,60.3,0.5
29-B,310.18,298,51,620-650,5,7.9,308,17.2,317.6,3.3,325.6,39.8,317.6,6.6,327.2,40.9,0.5
29-D,311.41,298,51,650-670,5,6.1,280.8,25.6,309,28.7,346.7,40.9,309,47.6,3.7,46.3,0.5
30D,313.82,312,41,630-660,5,6.8,315.3,67.2,10.1,42.9,211.2,78.5,10.1,61.7,118.2,76.7,0.5
30G,317.31,312,41,655-673,5,8.8,315.2,61.9,3.8,40.4,243.2,80.3,3.8,59.6,103.6,81.2,0.5
30J,320.2,312,41,650-670,5,5,301.9,44.2,339.2,37.5,328.3,68.3,339.2,56.9,17.3,72.2,0.5
30P,328.16,312,41,630-660,5,3.2,304.9,28.6,326.9,25.6,330.3,54.4,326.9,43.8,350,60.4,0.5
30R,329.82,312,41,645-673,7,6.3,306.6,28.2,327.7,24.3,328.4,54.6,327.7,42.1,347,60.6,0.5
30S,333.21,312,41,630-660,5,6.4,332.7,32.7,348.3,12.3,289.6,61.8,348.3,23.6,295.3,67.4,0.5
31B,334.12,312,41,640-665,5,4.8,299.2,31.2,325.3,31,336.4,55,325.3,50.2,1.3,60.5,0.5
31D,335.16,312,41,640-665,5,2.9,261,60.1,353.4,65.3,67.9,74,353.4,77.1,79.3,56.6,0.5
32A,337.94,312,41,640-660,5,6.2,296.6,33.4,325.6,34.1,339.1,56.3,325.6,53.6,7.7,61.3,0.5
32C,338.71,312,41,645-665,5,6.8,289.8,36.1,323.9,40.2,347.2,56.8,323.9,59.4,20.1,60,0.5
32F,341.13,312,41,640-660,5,9.3,317.6,24.9,332.8,15.1,316.1,54.8,332.8,28.4,326.1,60,0.5
33E,343.55,289,43,640-677,6,5.9,293,48.8,328.8,31.3,333.3,57.9,328.8,50.6,0.8,63.6,0.5
33G,344.63,289,43,660-677,5,7.7,286.8,20.7,301.9,16.4,343.8,31.3,301.9,30.5,352.1,35.4,0.5
33I,345.88,289,43,600-677,10,9.6,296.1,28.4,313.8,15.9,335.3,40.9,313.8,29.7,344.3,45.2,0.5
34B,349.86,289,43,640-660,5,4.9,302.1,39.4,325.7,20.2,327.5,51.6,325.7,36.4,341.5,57.2,0.5
34D,351.52,289,43,665-680,5,4.8,312.7,52,340.9,24.1,310.5,63.7,340.9,41.8,333.4,71.3,0.5
34F,353.26,289,43,640-665,5,1.9,328.5,42.2,343.5,9.8,297.3,58.7,343.5,19.1,302.2,62.9,0.5
35F,362.67,289,43,640-665,5,5.5,303.7,36.7,324.7,17.4,326.7,49.9,324.7,32.1,338,54.9,0.5
36B,365.02,289,43,645-665,5,5.6,305.4,69.6,353.8,38.2,293.1,77.9,353.8,57.6,46,82.1,0.5
36G,367.81,289,43,655-670,4,1.2,283.6,69.8,349.8,45.1,324.9,79.5,349.8,63.5,55.7,74.9,0.5
36H,369.02,289,43,500-680,15,14.3,298.1,46.5,329.2,27.1,329.1,56.7,329.2,45.7,351.6,62.9,0.5
36I,370.56,289,43,650-670,5,2.9,311.7,43.4,334.1,18.1,316.3,56.8,334.1,33.2,329.4,62.8,0.5
36K,371.63,289,43,500-660,9,13.4,339.7,78.6,9.9,37.8,223.2,75.9,9.9,57.2,136.9,80.2,0.5
37B,374.94,289,43,650-670,5,1.3,267.9,56.5,328.4,48.2,356.4,62.8,328.4,65.9,37.5,61.4,0.5
37D,375.65,289,43,650-670,5,3.1,299,46.4,329.6,26.6,328.2,56.9,329.6,45,350.2,63,0.5
37E,376.72,289,43,640-660,5,1.9,313.4,45.6,336.6,19,313.5,58.8,336.6,34.6,327.9,65.2,0.5
37G,378.22,289,43,650-670,5,2.7,283.8,31.9,308.7,26.1,345.1,39.8,308.7,44.4,0.2,45.2,0.5
37H,379.17,289,43,630-660,5,4.8,337.1,75.5,7.2,35.5,235.4,75.9,7.2,55,143.2,83.2,0.5
37J,382.03,289,43,620-655,5,4.6,330.5,77.8,7.3,38.2,231.3,77.5,7.3,57.6,126.9,81.5,0.5
38B,384.71,289,43,630-660,5,2,317.4,43,337.2,15.2,310.1,57.6,337.2,28.5,320.3,63.2,0.5
38C,385.52,289,43,655-673,5,6.6,255.1,56,325,55,10.6,60.9,325,70.7,47.7,56.5,0.5
39C,390.77,295,52,655-675,5,2.2,293.6,38.6,326.6,23.5,328.9,53.5,326.6,41,346.3,59.4,0.5
39E,392.23,295,52,655-680,6,11.3,241.8,58.6,348.1,58.7,34.5,78,348.1,73.1,71,62.3,0.5
39G,394.77,295,52,665-690,5,5.4,302.2,55.5,346,26.8,302.9,67.9,346,45.3,334,76.7,0.5
39H,396.83,295,52,660-680,5,8,332.7,53.4,356.2,11.9,272.8,63.6,356.2,22.9,274.9,69.4,0.5
39I,399.33,295,52,660-680,5,2.6,347.7,56.2,5,9.4,253.6,62.1,5,18.3,251.7,66.7,0.5
39K,399.8,295,52,660-680,5,4.8,320.6,62.7,358.3,23,269.1,69.7,358.3,40.3,274,80.7,0.5
39Q,405.22,295,52,660-677,4,11.1,297.7,37.8,327.7,20.4,325.6,53.2,327.7,36.6,340,58.9,0.5
40D,412.17,295,52,650-670,5,5.9,307.4,33.2,328.5,11.2,319,50.4,328.5,21.6,325.5,54.2,0.5
41B,416.58,295,52,660-677,5,2.1,329.3,45.5,349.2,7.3,286.1,59.7,349.2,14.4,288.6,63.2,0.5
41E,419.77,295,52,640-660,4,5.7,303.7,50,341.2,23.3,309.3,63.5,341.2,40.7,330.7,71.2,0.5
41F,422.37,295,52,645-665,5,2.6,300.7,55.3,345.3,27.5,305,67.9,345.3,46.2,338,76.4,0.5
41I,425.87,295,52,655-673,5,6.1,302.6,22.8,317.6,8.2,328,41.4,317.6,16.1,332.4,44,0.5
42A2,431.42,295,46,660-680,5,2.7,285.4,46.4,328,35.9,338.9,58.9,328,55.4,11.2,63.4,0.5
42B2,436.25,295,46,630-665,7,7.8,292.7,54,338.9,35.3,325.5,67.2,338.9,54.8,10.2,72.2,0.5
42C2,441.08,295,46,620-650,6,4.5,324.8,66.6,1.6,29.7,258.8,73.7,1.6,48.8,234.8,87.2,0.5
43B3,441.08,295,46,600-650,6,7.1,109.2,-56.8,161,-38.4,146.9,-70.1,161,-57.8,201.6,-73.3,0.5
43D1,441.36,295,46,620-645,5,9.3,95,-55,155,-45.2,166.6,-67.6,155,-63.6,215.5,-66.7,0.5
43D2,441.36,295,46,640-670,5,14.9,86.4,-36.9,128.4,-43.8,179.7,-44.8,128.4,-62.5,205.9,-48.4,0.5
43F3,441.69,295,46,500-630,5,10.3,122.6,-52.9,161.4,-29.8,134.8,-66.6,161.4,-48.9,170.7,-73.9,0.5
43H2,446.14,295,46,655-673,5,9.3,306.9,18.9,316.8,4.9,327.1,39.7,316.8,9.7,329.5,41.3,0.5
45A1,451.6,295,46,620-655,5,4.1,320.2,38.2,338.6,10.9,305.6,56.6,338.6,21.1,311.9,61,0.5
45A3,451.6,295,46,650-670,5,6.5,322.5,41.2,342,12,300.8,58.9,342,23,307.7,63.9,0.5
45C1,452.92,295,46,620-677,10,8.8,352.7,65.9,11.3,22.7,234.7,67.1,11.3,39.9,215,76.2,0.5
45C3,452.92,295,46,640-665,5,6.8,333,52,354.7,16,277,65.5,354.7,29.8,282.1,73.1,0.5
45D1,454.72,295,46,650-673,5,5.1,340,58.3,1.8,18.9,259.7,67.5,1.8,34.4,256.9,76.6,0.5
45E1,461.26,295,46,645-660,5,1.7,328.8,74,9,33.9,231.4,74.1,9,53.4,158.8,82.3,0.5
46A,461.62,294,44,655-673,5,3.8,273.4,69.7,356.2,48,311.3,85.5,356.2,65.8,75.1,73.9,0.5
46B,462.61,294,44,630-655,5,2.8,273.6,16.9,292.9,26.9,354.8,26.8,292.9,45.4,7.8,32.3,0.5
46D,464.34,294,44,620-665,5,10.8,279.4,38.7,317,35.8,347.2,49.7,317,55.3,12.3,54.5,0.5
46E2,465.07,294,44,650-673,5,4.6,317.3,48.9,344.6,20.1,300.8,63.9,344.6,36.2,316.8,71.7,0.5
46F2,465.69,294,44,645-670,5,7,285,42.4,323.6,34.1,340.8,54.7,323.6,53.6,8,59.6,0.5
46G1,466.44,294,44,650-670,5,14.9,315,27.5,328.1,5.9,316.6,48.2,328.1,11.7,319.7,50.3,0.5
47B,468.78,294,44,655-673,5,3.8,323.6,29,334.8,2,306.6,50.8,334.8,4,307.6,51.6,0.5
47C2,469.24,294,44,640-660,5,2.1,311.2,26.3,324.8,7.3,320.8,46.4,324.8,14.4,324.7,48.9,0.5
47F2,470.14,294,44,600-645,5,1.8,312.6,47.2,341,21.2,308.1,62.5,341,37.8,326,69.8,0.5
47K2,470.44,294,44,645-665,5,9.3,294.8,20.2,309.7,14,337.3,37,309.7,26.5,344.8,40.8,0.5
47N1,471.56,294,44,645-677,7,7.9,306.6,24.5,320.5,9,325.9,43.9,320.5,17.6,330.8,46.7,0.5
47P1,471.56,294,44,640-660,5,5.5,299.1,71.4,0.5,39.9,261.5,80.5,0.5,59.1,87.2,82.3,0.5
47Q1,472.28,294,44,630-655,5,1.8,320.7,53.1,349.4,21.6,291.6,66.8,349.4,38.4,308.6,75.8,0.5
48C2,474.68,294,44,645-665,5,7.1,332.1,35,344.2,2.5,293.1,55.7,344.2,5,294.1,56.8,0.5
48G2,478.2,294,44,660-673,4,6.1,286.5,45,326.9,34.5,338.4,57.5,326.9,54,8.3,62.4,0.5
49C2,478.84,294,44,645-677,9,11.1,343.7,46.1,357.5,7.2,269.5,61.3,357.5,14.2,270.2,64.9,0.5
49G2,482.37,294,44,640-665,7,11,291.1,44.3,328.3,31.3,333.8,57.5,328.3,50.6,1,63.1,0.5
49H2,481.64,294,44,630-650,5,4.4,338.7,37.6,350,1.7,283,57.3,350,3.4,283.5,58.1,0.5
49K2,483.79,294,44,645-665,5,7.2,310.8,48.3,341,22.9,309.3,63.2,341,40.2,330.1,70.8,0.5
50B2,484.2,314,50,650-670,5,2.7,311.1,56.5,2.4,33.9,254.7,76.2,2.4,53.4,132.6,87.3,0.5
50C1,484.2,314,50,640-660,5,4.1,259.5,72.2,26.7,53.4,162.5,67.6,26.7,69.6,118.5,61.5,0.5
50E2,485.56,314,50,630-655,5,7.1,359.1,46.8,15,5.6,235.6,57.4,15,11.1,233.4,59.9,0.5
50F3,487.47,314,50,650-670,5,9.7,288.9,62.5,7,46.1,210.5,82.3,7,64.3,103.5,75.1,0.5
50H1,488.5,314,50,650-670,5,8,326,38.7,351.3,16.1,284.8,64.7,351.3,30,292.5,72.1,0.5
50I2,489.68,314,50,650-673,5,4.7,334.5,35.2,353.3,8.7,278.4,61.5,353.3,17,280.6,65.7,0.5
50J2,490.54,314,50,660-677,5,7.1,316.6,39.3,347.3,22.3,296.7,66.3,347.3,39.4,316.2,75,0.5
50K1,491.56,314,50,655-677,7,9.5,352.5,49.5,12.9,10.3,237.5,60.4,12.9,20,232.9,65.1,0.5
50L2,492.12,314,50,645-665,5,9.2,350.7,49,11.6,10.7,239.8,61.1,11.6,20.7,235.3,66,0.5
51A,493.32,314,50,650-670,5,3.4,323.6,45.8,356.3,21.8,274.4,68.8,356.3,38.7,282.8,79.1,0.5
51C,497.38,314,50,655-673,5,6.5,320.2,31.1,342.1,15.1,302.3,60.4,342.1,28.4,312.1,66.4,0.5
52B2,500.58,310,42,600-645,6,9.8,117,-35.7,147.8,-33.7,156.7,-58,147.8,-53.1,186.2,-63,0.5
52B3,500.58,310,42,600-640,5,9.8,125.3,-37.8,154.7,-29.9,145.1,-61.9,154.7,-49,175.0,-68.3,0.5
53A1,503.81,310,42,650-670,5,2.3,332.3,45.1,355.9,20.3,275.1,68,355.9,36.5,282.4,77.6,0.5
53C,504.4,310,42,640-665,5,2.3,318.4,38.4,342.9,22.6,305.7,64.2,342.9,39.8,326.2,72.1,0.5
53F1,505.04,310,42,655-680,5,3.7,314.9,51.3,352,33,293.1,74.1,352,52.4,3.2,83.2,0.5
53G2,505.86,310,42,640-660,5,2.5,330.2,56.4,3.4,29.4,252.9,73.2,3.4,48.4,217.3,85.9,0.5
53J,507.39,310,42,630-655,5,1.7,345.5,55.4,9.8,23,238.1,67.9,9.8,40.3,218.6,77.3,0.5
53K2,508.04,310,42,650-665,5,2.7,297.3,59.6,355.1,45.7,305.6,83.4,355.1,64,70.1,76,0.5
53L2,508.42,310,42,655-673,5,1,302,50.3,345.4,39.1,320,73.6,345.4,58.4,28.6,76.3,0.5
53M,508.82,310,42,660-677,5,4.9,311.1,45.1,344.5,31.2,310.4,69.2,344.5,50.5,354.3,76.8,0.5
53P2,509.27,310,42,630-660,6,9.5,316.4,50.5,352,31.7,291.9,73.3,352,51,352.2,83.2,0.5
53Q1,509.59,310,42,650-670,5,6.9,306.8,34.5,332.8,26.8,324.6,59.3,332.8,45.3,348.5,65.8,0.5
54A1,510.07,308,35,640-660,5,6,318.2,31.2,334.6,19.7,316.7,57.8,334.6,35.6,331.7,64.1,0.5
54B,511.16,308,35,655-673,5,6.6,306.6,52.6,344.2,41.3,326.9,73.7,344.2,60.4,34.7,74.4,0.5
54C,511.16,308,35,650-670,5,2,326.7,50,353,30.6,287.9,73,353,49.8,341.3,83.8,0.5
54D2,511.71,308,35,650-665,5,1.6,316.6,52.5,349.3,36.7,306,74.8,349.3,56.2,24.6,80.1,0.5
54E,512.58,308,35,660-680,5,4.7,324.4,42.9,346.5,26.1,301.2,67.8,346.5,44.4,330.3,76.7,0.5
54F,512.58,308,35,650-670,5,3.9,328.9,47.5,352.5,27.8,287.5,71.3,352.5,46.5,322,82.1,0.5
54G1,513.35,308,35,650-670,5,7.7,315.1,64.6,0.9,45.2,255.9,84.5,0.9,63.6,87.1,77,0.5
54H2,513.35,308,35,650-677,7,8.5,341.1,60.3,8,33.8,234.6,74.5,8,53.3,158.3,83.1,0.5
54J2,514,308,35,665-680,5,4,331.8,57.5,1.4,34.5,258.5,76.7,1.4,54,110.5,87.4,0.5
54L2,515.04,308,35,650-673,5,8.9,356.2,58.2,14.5,28,223.6,68.2,14.5,46.8,188.9,76.8,0.5
55B1,515.8,308,35,650-670,5,1.5,333.2,60.7,4.6,36.5,244.1,77.4,4.6,56,124.1,84.2,0.5
55C1,517.12,308,35,640-660,5,2.3,326.3,56.1,357.5,35.4,275,77.2,357.5,54.9,52.2,86.2,0.5
55D1,517.54,308,35,650-670,5,1.8,334.5,52.1,358.9,29.3,268,73.4,358.9,48.3,282.6,87,0.5
55E1,518.09,308,35,640-660,5,3.8,301.6,67.2,0.1,51.3,244.2,89.8,0.1,68.2,84.5,70.9,0.5
55H1,520.73,308,35,650-673,5,5.2,352.9,67.3,18,36.8,205.9,70.1,18,56.3,151.9,74.5,0.5
56D1,525.52,308,35,620-645,4,1.8,287,49.1,329.5,48.9,357.2,63.8,329.5,66.4,39.4,61.8,0.5
56F2,525.84,308,35,650-665,5,9.7,278.5,28,301.5,39.3,358.9,37.7,301.5,58.6,20.2,42.8,0.5
56G2,526.55,308,35,600-640,5,7.2,318.3,35,337.1,22.7,315.4,60.7,337.1,39.9,334.9,67.6,0.5
57B2,529.85,295,45,645-670,4,4.6,327.6,49.7,350.3,17,287.4,64.8,350.3,31.4,296.6,72.4,0.5
58C1,530.64,295,45,640-673,5,7,315.6,43.6,339.6,17.9,308.2,60.2,339.6,32.9,321.4,66.7,0.5
58D,532.18,295,45,620-665,8,6.6,325.6,28.6,335.9,1.3,304.9,51.1,335.9,2.6,305.5,51.7,0.5
58F1,534.11,295,45,650-670,5,0.7,310.6,15.7,317,0.5,324.8,38.4,317,1,325,38.6,0.5
59B1,535.28,295,45,630-665,5,10.9,290.8,9.9,298.8,16.1,345.6,28.7,298.8,30,353.5,32.6,0.5
59D,536.81,295,45,660-677,5,1.8,305.7,29.3,323,23.5,332.4,50.7,323,41,348.8,56.3,0.5
59G,538.19,295,45,650-670,5,2.1,316.5,32.4,333,20.5,319.4,57,333,36.8,335.1,63.2,0.5
59H1,539.36,295,45,645-680,7,10.8,328.5,40.7,346.5,21.8,298.1,65.7,346.5,38.7,316.8,74.1,0.5
59J2,539.4,295,45,645-665,5,3.4,325.5,32.7,341.7,10.6,300.6,58.2,341.7,20.5,306.4,62.6,0.5
59K2,540.95,295,45,650-670,5,13.9,315.4,58.4,352.1,40.8,304.5,78.7,352.1,59.9,50.1,79.3,0.5
59L2,540.98,295,45,630-655,5,4.5,321.3,39.2,340.7,23.7,310.5,63.4,340.7,41.3,332.6,71,0.5
60A1,541.44,295,45,650-670,5,2.3,301.5,43,331.7,25.1,324.5,57.9,331.7,43.1,345.5,64.2,0.5
60B2,545.23,295,45,655-677,5,1.6,324,37.5,340.4,9.1,302,56.8,340.4,17.8,306.8,60.6,0.5
60C2,543.65,295,45,655-670,5,4.1,307.6,54.6,344.7,29.1,307.8,68.3,344.7,48.1,345.2,76.5,0.5
60E,547.51,295,45,640-665,4,8.1,320.4,33.6,335.6,8,308.4,53.7,335.6,15.7,312.7,56.9,0.5
60G1,547.51,295,45,660-680,5,9.3,333.4,51.4,354.4,16.2,277.8,65.5,354.4,30.2,283.3,73.2,0.5
61B2,547.71,301,36,645-660,4,6.9,338.5,58.1,2.1,29.9,257.1,73.7,2.1,49,225.6,87.1,0.5
61E1,548.49,301,36,650-670,5,4.2,324.9,36.1,340.6,16.5,305.7,60.2,340.6,30.6,317.1,66.4,0.5
62A,549.68,301,36,650-670,5,2,309.7,54,344.3,37,318.6,71.8,344.3,56.4,18.9,76.2,0.5
62D1,553.28,301,36,645-665,5,4,310.8,36.5,331.2,23.6,323.9,56.9,331.2,41.2,343,63.2,0.5
62E1,554.28,301,36,660-680,5,1.9,320.5,28.6,333.1,12.4,314.1,53.9,333.1,23.7,321.7,58.4,0.5
62G1,555.93,301,36,640-660,5,4.6,314.4,37.3,334.2,22.5,319.3,58.7,334.2,39.6,337.7,65.2,0.5
62I,557.01,301,36,650-670,5,3.1,333,33.6,345,10.8,295.1,59.8,345,20.9,300.5,64.5,0.5
63C,560.49,301,36,400-550,4,7.6,349,49.8,3.7,19.6,254.7,67.6,3.7,35.5,248.6,77,0.5
63D1,562.49,301,36,630-655,5,6.4,277.5,58.7,336.1,54.4,8.7,69.9,336.1,70.3,54,62.1,0.5
64A1,562.85,301,36,660-680,5,2.3,287.2,63.4,346.2,51.8,359.1,78.3,346.2,68.5,61.1,68,0.5
64C,567.4,301,36,640-660,5,7.5,290.9,58.2,340.3,47.9,348.6,72.8,340.3,65.7,46.6,68.3,0.5
65A,567.54,305,44,655-675,5,1.2,280,47.1,331.1,46.6,352,64.7,331.1,64.7,35.9,63.7,0.5
65B,568.52,305,44,655-675,5,2.2,292.8,62.8,355.8,45,298.4,83.3,355.8,63.4,71.1,76.8,0.5
65D,570.75,305,44,655-675,5,1.3,283.5,54.1,341.8,47.1,345,73.8,341.8,65.1,46.7,69.6,0.5
65E,571.19,305,44,660-680,5,2.9,296.1,51.4,342.5,39,325.5,71.4,342.5,58.3,24.8,74.3,0.5
66B,575.17,305,44,655-675,5,3,291.6,58.1,349.3,44.1,322.8,78.7,349.3,62.7,52.2,75.5,0.5
66C2,575.93,305,44,640-670,4,13.9,309.2,70.1,8.1,41.2,222.4,78.9,8.1,60.3,117.6,78.9,0.5
66F,577.34,305,44,660-680,5,2.6,336.3,38.4,352.3,9.4,280.6,61.6,352.3,18.3,283.3,66.1,0.5
66I,579.27,305,44,660-680,5,1.2,326.1,55.9,359,27.1,267.5,72.1,359,45.7,274.3,84.9,0.5
66J,579.93,305,44,650-670,5,1.5,317.3,49.8,350,27,293.6,69.9,350,45.5,325.8,79.9,0.5
66K1,580.72,305,44,650-673,5,7.7,239.9,72.5,19.8,61.1,136.3,71.4,19.8,74.6,102.4,58.3,0.5
66K2,580.72,305,44,650-670,5,7.4,260.6,72.4,12,56.4,145.2,79,12,71.6,99.8,64.4,0.5
66L1,580.72,305,44,650-673,5,3.8,286.6,61.9,353.6,47.6,323.6,83.5,353.6,65.5,68.7,73.8,0.5
66N,582.22,305,44,660-680,5,8.6,295.2,46,336.2,36.9,331.5,65.8,336.2,56.3,14.3,69.9,0.5
67F,586.09,295,45,660-680,5,1.5,328.6,58.8,356.9,23.7,273.2,70,356.9,41.3,282.9,81.1,0.5
67H,586.87,295,45,650-670,5,1.3,298.7,58.7,345.5,35.5,313.8,71.9,345.5,55,13.7,77.5,0.5
67I,587.89,295,45,660-680,5,1.5,313.5,66.9,358.3,34.2,271.2,76.5,358.3,53.7,49.9,87.5,0.5
67L,589.45,295,45,660-680,5,1.1,309.9,74,5,39,239.5,78.9,5,58.3,113.8,82.1,0.5
67P1,591.02,295,45,660-680,4,10.4,280,40.2,318.2,36.6,347.2,51,318.2,56.1,13.5,55.5,0.5
67Q2,591.45,295,45,655-673,4,11.1,317.4,23.5,326.9,2,316,45.9,326.9,4,316.9,46.6,0.5
67R1,591.8,295,45,650-673,5,3,297.9,48.1,334.5,30.1,325.6,61.9,334.5,49.2,355.5,68.1,0.5
68A,592.23,295,45,655-675,5,2.1,282.3,20.3,300.8,22.3,347.7,32.1,300.8,39.4,359.3,37.1,0.5
68C,593.36,295,45,665-690,5,3.7,266.6,16.3,286.4,30.8,0.4,22.4,286.4,50,14.5,28.6,0.5
68D,594.67,295,45,655-675,5,2.2,295.6,27.4,315.1,17.9,335.5,42.6,315.1,32.9,345.9,47.2,0.5
68E,595.92,295,45,655-675,5,1.6,302,52.3,339.6,30,318.1,65.5,339.6,49.1,352.5,72.4,0.5
68F,597.43,295,45,655-675,5,1,319.4,42.2,340.3,14.5,305,59.1,340.3,27.4,314.3,64.8,0.5
68G,597.79,295,45,645-665,5,1.4,323.7,37.7,340,8.9,302.5,56.5,340,17.4,307.2,60.2,0.5
68H1,597.79,295,45,655-673,5,12.4,335.1,42.8,350.1,8,284.6,60.3,350.1,15.7,287.3,64.1,0.5
69C,601.93,295,45,660-680,5,1.6,284.3,36.6,316.4,31.2,343.7,47.8,316.4,50.5,4.8,53.2,0.5
69D1,604.08,295,45,660-680,5,6.1,351.1,41.2,359.9,1.1,264.5,58.3,359.9,2.2,264.5,58.9,0.5
69E1,606.59,295,45,645-660,5,2.1,343.4,44.4,356.1,6.4,272.3,60.8,356.1,12.6,273.1,63.9,0.5
70B,612.85,301,42,660-680,5,3.8,331.2,68.7,8.6,34.8,231.6,74.8,8.6,54.3,151.8,82.4,0.5
71A-2,625.89,301,42,640-660,5,7.1,251.4,75.6,13.4,57.8,140.8,77.4,13.4,72.5,100,62.8,0.5
71A1,619.9,301,42,660-680,5,7.1,289,42.3,325.9,37.1,342.1,57.6,325.9,56.5,13.7,61.7,0.5
71B2,619.9,301,42,655-673,5,9.8,286.3,16.2,301.3,21.7,347.1,32.4,301.3,38.5,358.3,37.3,0.5
71C1,620.03,301,42,660-677,5,0.7,323.6,53.4,353.1,26.3,284.9,70.6,353.1,44.7,311.7,81.6,0.5
71D,620.03,301,42,640-660,5,1.9,337.3,36.2,300,46.1,5.6,38.4,300,64.3,29.6,42.6,0.5
71E2,620.45,301,42,660-677,5,3.7,325.9,58.4,358.1,29,270.6,73.2,358.1,48,292.2,86.4,0.5
71K1,621.34,301,42,655-673,5,5.8,290,35.2,319.6,32.1,342.1,50.7,319.6,51.5,5.3,56,0.5
71L2,621.34,301,42,650-670,5,3.8,323.3,48.7,349.5,23,292.2,67.6,349.5,40.3,312.1,76.9,0.5
71NI,621.72,301,42,640-670,5,8.6,304.6,42.3,334.3,28,323.8,60.9,334.3,46.8,350.4,67.4,0.5
71P,621.72,301,42,645-670,5,12.8,320.5,32.4,336.5,12.1,309.4,55.9,336.5,23.2,316.7,60.5,0.5
72B,625.92,301,42,660-680,5,3.7,337.3,48.9,357.3,17.4,271,66.6,357.3,32.1,274.3,75,0.5
72C1,628,301,42,475-565,5,8.4,333.4,36.7,347.8,9,289.3,60.1,347.8,17.6,293,64.2,0.5
72E2,630.15,301,42,590-630,5,2.3,134.4,-30.4,151.1,-14.1,137.6,-53.3,151.1,-26.7,146.6,-58.0,0.5
72J,633.99,301,42,600-640,5,2.5,109.2,-49.9,154.3,-41,159.8,-65.7,154.3,-60.1,204.8,-67.7,0.5
72K1,634.06,301,42,580-630,5,3.6,115.8,-45.3,153.9,-36.6,153.8,-63.9,153.9,-56.1,193.3,-68.1,0.5
72L1,634.56,301,42,590-630,5,1.8,121.3,-45.5,155.4,-31.9,146.3,-63.3,155.4,-51.2,180,-69.2,0.5
72M1,634.56,301,42,650-675,5,9.6,314.4,23.3,326.3,8.7,320,48,326.3,17,324.8,50.9,0.5
72N,634.64,301,42,660-690,5,10.8,294.4,46.6,333.1,36.4,334.5,63.2,333.1,55.9,12.6,67.5,0.5
72P,634.64,301,42,655-680,4,2.9,313.6,29.3,329.8,13.7,318.9,52.2,329.8,26,327.5,56.8,0.5
72Q1,634.64,301,42,630-665,5,5.9,304.5,49.1,340.3,32.3,319.5,67,340.3,51.7,0.1,73.4,0.5
73B,637.73,301,42,665-690,5,1.9,292.6,47.6,333.3,37.9,336.2,63.9,333.3,57.3,16.5,67.5,0.5
73F2,641.13,301,42,630-655,5,3.6,292.5,55.3,341.9,41.8,331.9,72.1,341.9,60.8,33.2,72.7,0.5
73H,641.49,301,42,655-675,5,3.4,301.6,45.7,335.8,31.8,325.7,63.5,335.8,51.1,359.6,69.5,0.5
73I,641.59,301,42,650-670,5,5,307.4,49,341.6,30.8,315.5,67.2,341.6,50,354,74.3,0.5
74D2,646.19,295,38,640-673,6,7.2,342.4,8.8,335.8,41.2,338.5,67,335.8,60.3,26.3,68.7,0.5
74E,646.99,295,38,630-660,5,3.7,341.4,39,352.1,8.6,280.8,61.2,352.1,16.8,283.3,65.3,0.5
74F2,646.99,295,38,655-670,5,9.7,340.2,30.9,347.8,1.8,286.9,56.7,347.8,3.6,287.5,57.5,0.5
75B,647.15,295,38,620-645,6,13,274.5,79.6,8,54.5,149.1,82.8,8,70.4,96.2,66.9,0.5
75D,648.88,295,38,620-645,5,5.7,270.1,76.8,3.5,55.7,118.9,85,3.5,71.2,89.2,66.3,0.5
76B,651.09,295,38,600-650,5,11,272.7,30.9,299.2,37.2,358.3,35.1,299.2,56.6,17.9,40.6,0.5
76C2,653.64,295,38,620-670,5,12.2,281.2,47.4,321.4,42.8,352,55.5,321.4,61.6,24.7,57.9,0.5
76D1,655.04,295,38,650-670,5,8,322.3,65.5,357.5,36.8,275.7,78.1,357.5,56.3,61.2,84.9,0.5
77A,655.53,295,38,660-680,5,4.5,289,51.4,329.7,41,343.9,61.9,329.7,60.1,23,64.3,0.5
77D1,664.24,295,38,650-673,5,2.7,290.6,35.3,315.6,29.6,343,46.7,315.6,48.7,2.5,52.1,0.5
77D2,664.24,295,38,650-670,5,1.9,284.9,36.3,312,33.9,348.7,44.9,312,53.4,10.3,50.1,0.5
77E2,664.75,295,38,650-670,5,3.6,314.2,48.5,340.3,27.1,314.1,64.7,340.3,45.7,342.9,72.2,0.5
77F1,664.75,295,38,630-660,6,12.8,317.3,49.2,342.6,26.4,309.4,65.8,342.6,44.8,337.8,73.8,0.5
77G1,665.15,295,38,655-673,5,4.1,288.7,26.3,307.3,24.2,344.8,38.1,307.3,42,358.5,43.3,0.5
77H2,665.15,295,38,650-670,5,2.6,309.8,28.5,323.9,13.7,325.2,48,323.9,26,333.5,52.2,0.5
77I1,665.35,295,38,655-670,5,8,298.1,31.6,317.9,22.6,336.2,46.3,317.9,39.8,350.6,51.7,0.5
77J1,665.45,295,38,645-677,5,5.5,317.5,42.4,291.9,33.2,359.1,27.8,291.9,52.6,15.2,33.8,0.5
77J2,665.45,295,38,630-665,5,2.7,296.7,36.4,320.5,26.9,337.1,49.8,320.5,45.4,355.9,55.4,0.5
78A2,666.82,290,35,660-677,5,9.9,308.4,40,328,22.8,327,54.3,328,40.1,344.1,60.2,0.5
78B2,669.25,290,35,650-670,5,4.3,293.1,26.6,308.3,19.9,341.6,37.7,308.3,35.9,352.5,42.4,0.5
78D2,672.46,290,35,650-673,5,10.8,279.6,12,288.5,15.8,351.3,19.9,288.5,29.5,358.5,23.8,0.5
79D1,675.91,290,35,655-670,5,3.5,294.1,43.4,321.1,32.2,341,52,321.1,51.6,5,57.3,0.5
79E1,675.91,290,35,660-680,5,3.4,272.2,27.9,293.2,32.5,358,28.6,293.2,51.9,14,34.6,0.5
79F2,675.91,290,35,650-670,5,0.7,297.2,33.5,315.9,23.1,338.1,44.9,315.9,40.5,352.5,50.2,0.5
79G1,676.78,290,35,650-670,5,1.3,307.8,33.1,323.3,17.5,328.1,48.9,323.3,32.2,339.2,53.8,0.5
79I1,676.78,290,35,655-673,5,3.2,338.4,45.3,350.9,16.3,285.8,64.7,350.9,30.3,293.9,72.1,0.5
80A,677.1,290,35,620-655,5,0.6,309.9,56.4,340.5,35,322.6,68.3,340.5,54.5,9.5,73.5,0.5
80B,678.72,290,35,650-675,5,5.5,279.1,51.5,320,45.1,355.8,54.9,320,63.5,28.7,56.6,0.5
80F,682.93,290,35,600-650,5,2.5,280.4,30.6,301.6,30,352,35,301.6,49.1,8.1,40.6,0.5
80H,685.28,290,35,655-675,5,1.9,339.1,35.6,347.6,7.1,289,59.1,347.6,14,291.7,62.4,0.5
80I,686.29,290,35,660-677,5,7.4,328.5,69.1,358.7,39.6,271.4,80.2,358.7,58.9,76.6,82.5,0.5
80K,687.02,290,35,600-650,5,1.7,263,66.9,337.5,58.8,22.6,70.4,337.5,73.2,61.5,59.3,0.5
81A,688.49,292,43,620-655,5,4.4,293.1,38.5,321.1,26.4,336.2,50.1,321.1,44.8,354.8,55.8,0.5
81C,689.38,292,43,650-670,5,1.8,288.8,58.9,339.5,40.2,332.3,69.6,339.5,59.4,26,71.7,0.5
81D,691.17,292,43,620-655,5,1.2,315.5,46.4,339.7,20,309.4,61.2,339.7,36.1,325.4,68.1,0.5
81E,692.06,292,43,630-660,5,1.3,277.9,46.3,320.9,40,349,54.3,320.9,59.2,19.5,57.7,0.5
81F1,693.84,292,43,650-670,5,1.8,298.1,56,339.7,34.5,323.2,67.5,339.7,54,7.7,72.9,0.5
81J1,697.58,292,43,660-677,5,2.6,346.1,47.4,358.3,9.4,268,62.5,358.3,18.3,268.6,67.1,0.5
81M1,700.26,292,43,640-660,4,7.1,317.3,51.4,344.2,22.9,303.5,65.1,344.2,40.2,324.6,73.2,0.5
81N1,700.26,292,43,650-670,5,13.4,304,24.3,317.2,9.9,329.3,41.7,317.2,19.2,334.6,44.7,0.5
81Q1,701.5,292,43,630-673,7,14.4,318.3,62.9,354.2,31.2,284.6,73.8,354.2,50.5,344.8,85,0.5
81S1,701.5,292,43,630-673,9,1.9,283.7,22.1,301.9,21.5,346.6,32.8,301.9,38.2,357.8,37.7,0.5
81S2,701.5,292,43,650-675,5,0.9,283.2,20.9,300.5,21,347.2,31.5,300.5,37.5,357.9,36.3,0.5
82C1,705.57,292,43,655-670,4,3,307.1,43.6,333.1,22.1,320.5,57.7,333.1,39.1,338.1,64.1,0.5
82D2,708.54,292,43,640-660,5,4,302.1,51.6,337.7,30.4,321.5,64.3,337.7,49.6,354.9,70.9,0.5
82E,711.49,292,43,630-660,5,0.6,285,44.7,322.6,35,342.5,54.1,322.6,54.5,9.9,58.9,0.5
83C,716.65,292,43,630-660,5,0.6,273.1,63,341.3,48.8,350.5,73.8,341.3,66.4,49.6,68.2,0.5
83D,717.94,292,43,640-660,5,1.5,316.4,54.7,346.3,25.7,301.3,67.5,346.3,43.9,329.3,76.4,0.5
83F,719.88,292,43,600-650,5,1.3,290.5,32.5,314.6,24.1,339.7,44.1,314.6,41.8,354.6,49.5,0.5
84B,720.52,292,43,630-660,5,1.9,322.4,33.8,335.8,6.9,307.6,53.4,335.8,13.6,311.2,56.1,0.5
84F1,730.75,292,43,650-673,5,1.4,327.7,15.3,319.3,20.6,333.7,46.8,319.3,36.9,346.8,52,0.5
84G2,731.33,292,43,660-677,5,11.3,304,39.3,328,20.8,325.5,53.6,328,37.2,340.4,59.3,0.5
85E,732.59,293,56,600-650,5,3.7,310.9,50.1,354.3,26.3,281.5,71,354.3,44.7,306,82.3,0.5
85F,733.26,293,56,640-665,5,4.1,253,58.8,345.8,49,347.4,77.6,345.8,66.5,56,70.1,0.5
85H,734.17,293,56,640-665,5,1,243.7,64.6,356.7,50.8,341.4,87.1,356.7,67.8,77.8,71.3,0.5
85J,735.05,293,56,650-670,5,0.6,272.4,43.1,324.7,36.5,342.4,56.4,324.7,56,12.7,60.7,0.5
85M,735.6,293,56,665-680,5,0.8,281.3,43.3,327.3,30.4,334,56.4,327.3,49.6,359.5,62.1,0.5
85P1,736.95,293,56,620-655,4,13.6,283.5,61.2,348.2,33.8,304.9,72.7,348.2,53.3,7,80,0.5
85Q1,737.35,293,56,645-677,6,10.3,302.8,58.2,348.5,23.7,294.9,67.5,348.5,41.3,317.3,76.8,0.5
85S1,737.71,293,56,600-645,5,6.8,319,74.8,7.7,26.4,241.5,70.4,7.7,44.8,213.1,81.1,0.5
86A,737.92,293,56,630-660,5,1.3,266.5,56.5,341.2,42.1,333.5,71.7,341.2,61.1,33.4,72.1,0.5
86D,738.45,293,56,640-665,5,1.8,311.5,46.6,341,13,303,58.9,341,24.8,310.9,64.1,0.5
86E,738.77,293,56,640-665,5,2.2,327.1,52.8,352.5,9.5,280.2,61.7,352.5,18.5,282.9,66.3,0.5
86G,739.45,293,56,620-655,5,2.6,295.1,72.2,2,31.5,257,74.7,2,50.8,195.9,88.2,0.5
86I,739.96,293,56,640-665,5,1.1,279.6,46.6,330.6,32.5,332.7,59.8,330.6,51.9,3,65.2,0.5
86J,740.97,293,56,600-655,5,4.7,265.9,55.8,340.3,42.4,335.4,71.1,340.3,61.3,33.1,71.4,0.5
87A,744.23,293,56,640-665,5,1.5,331.6,49.1,352.1,4.9,279.9,59.3,352.1,9.7,281.1,61.7,0.5
87B,746.81,293,56,640-665,5,1.8,277,40.6,323,32.5,339.8,53.7,323,51.9,5,58.9,0.5
88F,757.34,293,56,640-665,5,1.3,270.2,52.9,336.7,39.8,335.2,67.3,336.7,59,22.8,69.8,0.5
88G1,759.2,293,56,600-645,5,1.1,264.8,41.3,320.7,41.6,351,54.6,320.7,60.6,22.4,57.5,0.5
89K,763.5,305,45,640-670,6,2.4,7.8,50.7,18,8.6,229.4,57.4,18,16.8,225.1,61.1,0.5
89L,776.07,305,45,650-670,5,4.1,356.1,41.1,6.7,2.9,251.4,58.6,6.7,5.8,250.8,60,0.5
90A,779.93,305,45,630-665,5,3.3,280.1,50.4,336.5,47.3,350,69.4,336.5,65.2,41.3,66.6,0.5
90B1,781.99,305,45,645-665,5,4.4,333.8,68.9,13.1,32.5,222,71.3,13.1,51.9,169.1,78.9,0.5
90E1,798.5,305,45,640-660,5,5.9,320.8,41.7,345.5,19.1,298.4,63.9,345.5,34.7,312.6,71.5,0.5
90F1,802.8,305,45,630-673,8,7.8,233.1,68,18.9,65.2,122.5,69.2,18.9,77,98,55,0.5
90F2,802.8,305,45,650-680,5,1.6,279.5,78.6,19.2,48.9,177.5,73.4,19.2,66.4,119.6,68,0.5
90G2,806.65,305,45,665-677,5,14.1,319.7,65.3,5.6,34.6,242,75.9,5.6,54.1,145.3,84.7,0.5
91B2,809.96,305,45,630-655,5,1,274.2,70.5,7.4,51.9,169.3,83.7,7.4,68.6,97.5,69.6,0.5
91C1,811.21,305,45,650-670,5,0.8,264.5,65.3,359.8,56.6,82.5,85,359.8,71.8,84,65.5,0.5
92F,814.23,305,45,650-670,5,2.2,309.2,45.6,342.8,28,310.4,66.7,342.8,46.8,343.1,74.6,0.5
93B,824.55,305,45,650-670,5,2.8,303.6,52.3,346.9,34.8,309.5,72.4,346.9,54.3,11.4,78.8,0.5
93D1,825.8,305,45,640-665,5,9.2,4,63.2,20.6,21,218,61.4,20.6,37.5,200.6,68.5,0.5
93F,826.24,305,45,650-670,5,2.8,331.6,63.8,8,29.7,238.4,72.2,8,48.8,192,82.7,0.5
93G,826.24,305,45,655-675,4,4.4,335.8,73.7,17.8,35.2,208.6,69.6,17.8,54.7,157.9,74.9,0.5
93H,826.77,305,45,655-675,5,0.5,315.4,34.8,337.2,17.4,311.5,58.6,337.2,32.1,324.1,64.7,0.5
94E,831.19,305,45,655-675,5,6.8,106.8,-36.2,142.3,-36.6,164.3,-54.4,142.3,-61.7,205.1,-58.6,0.4
95A2,837.09,305,45,650-670,5,7.1,129,-4.6,131.1,-0.5,149.6,-34,131.1,-1.2,149.9,-34.2,0.4
95B,837.5,305,45,660-680,5,3.5,123.4,-16.2,135.6,-12.5,152,-41.3,135.6,-29,162.5,-46.5,0.4
96B,845.47,305,45,630-673,4,12.2,101.1,-40.9,144.6,-42.8,170.1,-58.2,144.6,-66.7,217.7,-58.6,0.4
96C,845.47,305,45,640-680,4,11.7,145.5,-28.4,159,-6.8,123,-55.1,159,-16.6,128.3,-59.3,0.4
98C1,863.47,305,45,520-680,5,3.8,129.5,-30.1,150,-17.9,141.3,-53.9,150,-38.9,160.8,-61.5,0.4
98E1,864.5,305,45,660-677,4,11.4,165.5,-33.4,175.6,-0.3,92.6,-57.7,175.6,-0.7,92.6,-57.9,0.4
98F,864.64,305,45,645-660,5,2.4,192.3,-53.3,201.4,-10.2,43.3,-56.3,201.4,-24.2,34.3,-62.3,0.4
98G,864.78,305,45,640-675,5,10,137.7,-30.2,155.2,-12.8,131.6,-55.4,155.2,-29.6,144.2,-62.2,0.4
99C1,866.24,305,45,655-670,4,6.9,122.8,-21.2,138.9,-16.3,151.4,-45.1,138.9,-36.2,166.3,-51.4,0.4
99E1,866.24,305,45,630-645,4,5.7,98.6,-24.8,125.8,-35.6,173.7,-40.2,125.8,-60.8,203.1,-46.4,0.4
101B,882.1,305,45,660-680,5,3.3,101,-13.4,117.6,-26.3,171.9,-30.6,117.6,-51,191.6,-37.8,0.4
105A1,905.34,305,45,610-640,4,7,102.1,5.3,104.7,-12,171.6,-15.7,104.7,-28,179.6,-20.1,0.4
105B2,905.4,305,45,650-673,4,9.5,125,-31.2,148.2,-21.5,145.8,-54,148.2,-44.6,170.4,-61.7,0.4
105D1,905.86,305,45,655-673,5,0.3,116.2,-40,151.1,-32.5,152.1,-60.2,151.1,-57.9,197.6,-65.7,0.4
105G2,906.33,305,45,665-680,5,3,139.2,-21.2,149.8,-5.4,134.4,-49.1,149.8,-13.3,138.7,-52.1,0.4
105H2,906.58,305,45,650-673,5,2.3,111,-40,148.5,-35.8,158.4,-59.3,148.5,-61,204.9,-63.2,0.4
105I1,906.81,305,45,660-677,5,14.3,94.7,-59,168.5,-52.2,181,-80.3,168.5,-72.8,251,-62.8,0.4
105K2,909.05,305,45,630-660,5,14,161.9,-31.4,172,-0.3,99.1,-57.1,172,-0.7,99.2,-57.3,0.4
105L1,909.63,305,45,540-620,4,4.6,125.5,-33.9,150.7,-22.9,144,-56.3,150.7,-46.6,172.3,-64.3,0.4
105M1,909.63,305,45,640-680,3,10.2,164.1,-34.3,175.1,-1.7,93.7,-58.3,175.1,-4.2,94,-59.6,0.4
106C,914.24,305,45,600-650,5,0.9,125.1,-54.5,169.8,-35.1,122.2,-74.2,169.8,-60.4,225.5,-77.7,0.4
106I,917.04,305,45,660-680,5,4.7,161.5,-37.4,175.1,-5.5,94.2,-60.2,175.1,-13.5,95.6,-64.2,0.4
107A1,917.7,305,45,660-680,5,2.5,110.4,-10.4,122.1,-17.6,164.3,-31.8,122.1,-38.4,177.8,-37.9,0.4
107B1,917.7,305,45,655-677,7,6.6,113.2,-8.3,122.6,-14.2,162.2,-31.3,122.6,-32.3,173,-36.5,0.4
107D1,920.11,305,45,630-655,5,2.2,116.1,-4,121.5,-9.1,160.4,-28.9,121.5,-21.8,167,-32.6,0.4
107E1,920.11,305,45,660-680,5,6.7,103.4,-20.8,125.5,-29.6,169.4,-38.2,125.5,-54.9,194.1,-45.2,0.4
107F1,920.11,305,45,650-677,4,5.6,104,-57.9,168.1,-47.2,156.9,-79,168.1,-69.7,246,-67,0.4
107G1,920.38,305,45,630-665,7,2.2,145.9,-50.6,175,-22.7,98.1,-69.1,175,-46.3,129,-83.7,0.4
107I2,921.83,305,45,650-677,5,1.9,145.5,-24.9,156.6,-4.2,125.2,-52.7,156.6,-10.4,128.3,-55.3,0.4
107J2,925.13,305,45,665-680,6,7.4,132.4,-27.7,150,-14.4,139.1,-52.6,150,-32.7,153.5,-59.4,0.4
108A2,925.27,298,55,660-680,5,1.2,132.3,-23,144.8,-2.2,138.3,-44.6,144.8,-5.5,139.9,-45.7,0.4
108C1,925.87,298,55,650-673,6,1.1,127.2,-30.2,147.9,-10.1,139,-49.6,147.9,-24,148,-54.6,0.4
108D1,926.48,298,55,655-670,5,0.5,128.5,-35.4,152.9,-12.2,134.3,-53.7,152.9,-28.4,146,-60,0.4
108E1,927.08,298,55,640-660,5,1.3,110.3,-51.3,161.7,-31.1,135.7,-67.4,161.7,-56.5,197.3,-74.2,0.4
108H1,927.99,298,55,655-677,3,5.9,142.8,-34,159.1,-2,120.7,-53.1,159.1,-5,122,-54.4,0.4
108I1,934.02,298,55,655-677,4,13,135.2,-38.7,158.8,-9.7,124.7,-56.2,158.8,-23.1,133.1,-62,0.4
108K2,935.06,298,55,655-673,5,2,126,-32.6,149.4,-12.3,138.6,-51.4,149.4,-28.6,150.2,-57.4,0.4
109C,936.5,298,55,660-680,5,1.7,121,-34,148.2,-16.6,142.5,-52.2,148.2,-36.7,159.7,-59.3,0.4
109E,936.65,298,55,640-675,5,3,125.6,-28.7,145.8,-10.4,141.4,-48.2,145.8,-24.6,150.6,-53.2,0.4
109F,937.05,298,55,620-655,5,2.1,135.9,-49.8,168.3,-16,111.2,-63.6,168.3,-35.6,127.1,-73.7,0.4
109H,939.24,298,55,620-655,5,0.5,128.5,-59.7,174.8,-24.8,99.4,-70.2,174.8,-49.1,149.3,-85,0.4
109J,943.14,298,55,660-680,5,2.6,136.5,-53.2,171.4,-17.6,105.1,-65.5,171.4,-38.4,122.3,-76.9,0.4
110B,945.48,298,55,655-673,4,10.6,95.3,-7.4,110.9,-22.8,173.5,-23.9,110.9,-46.4,189.5,-31,0.4
110E,948.7,298,55,640-680,8,1.5,150.2,-51.6,175.7,-10.3,93.7,-62.7,175.7,-24.4,96.8,-70.2,0.4
110G,951.9,298,55,660-680,5,13.7,77.4,-10.6,101.8,-39,187.7,-21.1,101.8,-63.7,211.7,-30,0.4
110H1,951.9,298,55,655-677,5,10.8,68,-19.1,104.4,-51.3,196.5,-27.4,104.4,-72.3,225.2,-34.2,0.4
111B,958.54,304,27,600-650,5,2.3,130.9,-77.7,189.6,-59.2,306.4,-79,189.6,-76.6,271.9,-57.1,0.4
112A,960.19,304,27,630-660,5,1.7,132.9,-14.3,138.4,-8.7,147.6,-42.2,138.4,-20.9,154.7,-46.2,0.4
112C1,962.94,304,27,630-655,5,6.6,137.8,-45,158.4,-33.6,144.1,-66.2,158.4,-59,203.8,-71,0.4
112D1,962.94,304,27,630-660,6,4.6,140.7,-34.9,154.9,-23.7,139.3,-59.6,154.9,-47.7,171.9,-68.2,0.4
113F1,972.7,304,27,600-640,3,7,86.4,-32,105.9,-45,190.4,-26.5,105.9,-68.2,217.8,-34.1,0.4
113G2,973.39,304,27,650-670,5,7.3,102.6,-28.2,119,-34.5,176.4,-34.1,119,-59.8,202.5,-41.2,0.4
113J1,974.63,304,27,630-670,4,12.3,185.2,-56.7,195.9,-31.7,36.8,-69.2,195.9,-57.1,327,-75.9,0.4
114A,976.42,304,27,620-673,9,8.3,71.4,-45.7,102.3,-62.8,210.3,-30.1,102.3,-78.4,237.7,-34.2,0.4
114B1,976.97,304,27,650-680,5,10.9,122.8,-50.8,152.3,-44.1,166.7,-65,152.3,-67.6,224.3,-62.6,0.4
114E,978.2,304,27,620-660,5,2.8,124,-36.6,142.6,-32.1,159.7,-53.2,142.6,-57.5,195.9,-59.1,0.4
114F,979.58,304,27,630-660,5,0.9,136.1,-33.7,150.6,-24.5,145.4,-56.8,150.6,-48.7,176.3,-64.7,0.4
114G,979.58,304,27,645-670,5,0.8,139.5,-31,152,-20.8,140.9,-56.5,152,-43.5,165.9,-64.6,0.4
114I,980.68,304,27,630-660,5,1.2,155.5,-18.4,159.9,-3.2,120.1,-54,159.9,-8,122.2,-56.1,0.4
114K1,981.5,304,27,660-680,5,1.9,162.3,-41.9,174.8,-22.7,98.7,-69.1,174.8,-46.3,130.2,-83.6,0.4
114M1,982.05,304,27,640-680,5,6.2,142.2,-53.6,167.2,-39.2,136.1,-74.9,167.2,-63.9,231.5,-73.4,0.4
115A1,982.6,304,37,630-655,5,1.8,152.7,-26.9,162.1,-6,117.9,-56.3,162.1,-14.7,122.1,-60.2,0.4
115B2,982.6,304,37,660-673,5,4.7,138.2,-31.4,154.1,-16.9,135.5,-56.4,154.1,-37.2,154.4,-64.3,0.4
115C2,986.45,304,37,650-670,5,2.9,146.2,-34.2,161.5,-15.1,123.3,-60.1,161.5,-34,139.6,-68.5,0.4
115D1,986.45,304,37,660-680,5,6.2,149.1,-30.7,161.6,-10.9,121,-58.2,161.6,-25.7,130.6,-64.9,0.4
115E2,987.14,304,37,650-670,5,3.7,143.7,-18.6,150.6,-3.6,132.6,-48.9,150.6,-8.9,135.3,-50.9,0.4
115F1,987.14,304,37,665-680,4,4.9,136.3,-30,151.9,-16.7,138.2,-54.8,151.9,-36.9,156.4,-62.4,0.4
115G1,987.83,304,37,640-660,5,1,138.3,-18.6,146.4,-6.5,138.7,-47.2,146.4,-15.9,144,-50.6,0.4
115I,989.34,304,37,665-680,5,2.4,143.8,-14.4,148.3,-0.1,133.6,-46.1,148.3,-0.2,133.6,-46.1,0.4
115J1,989.62,304,37,645-665,5,2.3,143.9,-44.4,166.4,-24.3,120,-66.9,166.4,-48.5,164.7,-78,0.4
115K2,990.3,304,37,655-677,5,1.4,123.2,-52.2,173.9,-17.7,99.4,-66.2,173.9,-38.6,113.2,-78.2,0.4
115L2,990.3,304,37,655-673,5,0.7,139.4,-43.6,163.2,-25.8,127.7,-65.9,163.2,-50.4,174.6,-75.7,0.4
116B1,991.54,288,33,665-680,4,2.2,127.8,-35.9,143.8,-20,149.3,-50.1,143.8,-42.3,169.9,-57.4,0.4
116C2,992.23,288,33,660-673,3,1.4,147.5,-47.5,163.6,-22.6,124.4,-64.6,163.6,-46.1,160.1,-75,0.4
116D1,993.33,288,33,640-677,5,6.2,129.5,-39.5,147.1,-22.3,147.5,-53.4,147.1,-45.7,172.8,-61.1,0.4
116E,997.18,288,33,660-680,5,7.8,172.6,-51,181.3,-20,80.9,-68.1,181.3,-42.3,75.6,-82.2,0.4
116F,997.45,288,33,650-670,5,1.5,171,-32,175.3,-1.9,93.3,-58.4,175.3,-4.7,93.7,-59.8,0.4
116G,997.45,288,33,650-675,5,1.6,150.8,-30.4,158.5,-6,123.4,-54.5,158.5,-14.7,127.9,-58.2,0.4
117A,997.59,288,33,660-680,5,4.1,162,-39.8,170.6,-11.5,104.7,-62.2,170.6,-27,112.1,-70.1,0.4
117B,997.59,288,33,650-670,5,2.4,159.4,-39.3,168.4,-11.7,109.1,-61.6,168.4,-27.4,117.9,-69.4,0.4
117C,999.1,288,33,630-655,4,3.4,171.3,-31.6,175.5,-1.5,92.9,-58.3,175.5,-3.7,93.2,-59.4,0.4
117D,1003.78,288,33,655-680,6,2.4,185.8,-52.3,190.1,-19.8,59.1,-66.1,190.1,-42,33.6,-78.1,0.4
118A,1006.12,288,33,660-680,5,3,207.8,-38,205.7,-5.4,39.7,-51.9,205.7,-13.3,35.5,-55.1,0.4
118B,1007.77,288,33,550-660,10,2.9,187.1,-52.4,191,-19.8,57.1,-65.8,191,-42,31,-77.5,0.4
118D1,1008.04,288,33,660-680,5,6.9,163.9,-51,175.7,-21.6,95.9,-68.6,175.7,-44.7,117.9,-83,0.4
118E,1008.45,288,33,660-680,5,1.3,114.1,-11,119.1,-6,160.5,-26,119.1,-14.7,164.7,-28.5,0.4
118H1,1009.28,288,33,650-670,5,3.1,114,-14.1,120.7,-8.6,160.7,-28.1,120.7,-20.7,166.9,-31.6,0.4
118J,1011.62,288,33,660-680,5,6.1,106.9,-77.7,176.1,-55.2,222.9,-85.2,176.1,-74.5,260.4,-61.1,0.4
118K1,1013.95,288,33,650-677,4,13.5,140.6,-32.3,151.3,-11.5,135.8,-52.4,151.3,-27,146.6,-58.3,0.4
118L2,1014.23,288,33,600-645,5,0.9,151.7,-46.4,165.9,-20.4,118.4,-64.7,165.9,-42.9,147.4,-75.7,0.4
118N1,1014.37,288,33,640-673,5,5.9,137.4,-43.9,155.1,-22.9,138.4,-59.4,155.1,-46.6,169.4,-68.1,0.4
118R2,1014.5,288,33,650-677,5,8.2,129.6,-48.3,152.7,-29.5,147.3,-60.3,152.7,-54.8,189.7,-67.2,0.4
119E,1016.84,282,34,645-673,5,5.7,167,-59,177.9,-26.7,90.8,-71.8,177.9,-51.5,173.3,-88.2,0.4
119F,1019.32,282,34,655-675,5,6.8,88.9,-64.6,147.4,-53.4,186.9,-62.7,147.4,-73.5,235.5,-55.3,0.4
119H,1021.52,282,34,650-665,4,3.9,88.6,-66.5,150.4,-54.3,188.6,-65.3,150.4,-74,238.3,-55.9,0.4
120B,1023.17,282,34,640-665,5,3.3,132.9,-58.4,159.3,-33.8,143,-66.9,159.3,-59.2,205.2,-71.6,0.4
121B1,1027.43,282,34,655-670,5,3,138.7,-26.6,146,-4.2,138,-46.1,146,-10.4,141.2,-48.4,0.4
121C,1027.57,282,34,620-680,5,12.4,136.2,-47.4,154.4,-23.4,139.8,-59.2,154.4,-47.3,171.4,-67.6,0.4
121D,1027.83,282,34,645-673,5,5.3,129.2,-26.2,138.3,-7.9,147.3,-41.8,138.3,-19.1,153.6,-45.5,0.4
121F1,1029.05,282,34,645-670,5,3.4,149.5,-38,159.2,-10.7,124.6,-56.9,159.2,-25.3,134.3,-63.2,0.4
121K1,1034.48,282,34,620-660,3,9.2,145.6,-36.6,155.7,-10.6,129.7,-54.8,155.7,-25.1,139.4,-60.7,0.4
122A,1037.19,310,22,655-675,5,4.6,146.9,-25.4,155.1,-17.4,134.5,-57.2,155.1,-38.1,154.5,-65.4,0.4
122B,1040.94,310,22,650-670,5,3.2,150.3,-19.8,156,-11.1,129.5,-55.2,156,-26.1,139.8,-61.4,0.4
123C,1044.07,310,22,640-665,5,2.6,156.2,-23.9,162.7,-13,120.2,-59.7,162.7,-30,132.6,-67.5,0.4
123D2,1044.13,310,22,650-670,5,1.5,133.8,-19.2,140.9,-16.3,149.6,-46.6,140.9,-36.2,164.9,-53.1,0.4
123E,1044.77,310,22,650-675,5,1.8,179.2,-17.8,181.5,-0.8,81.5,-58.2,181.5,-2,81.4,-58.8,0.4
124E1,1045.78,310,22,640-677,8,9.7,155.4,-29.5,164,-18.5,120.9,-62.9,164,-39.9,144.4,-72.9,0.4
124F2,1046.43,310,22,650-670,5,1.7,147.3,-22.3,154.2,-14.4,133.8,-55.4,154.2,-32.7,148.7,-62.7,0.4
124G1,1046.84,310,22,640-660,5,1.4,152.2,-32.7,162.5,-22.5,126.4,-63.9,162.5,-46,161.2,-74.1,0.4
124H1,1046.99,310,22,630-655,5,0.9,152.5,-27.6,160.8,-17.6,126,-60.8,160.8,-38.4,147.3,-69.9,0.4
124I2,1047.32,310,22,650-675,5,3.6,135.9,-49.9,158.5,-43.2,159.3,-69.9,158.5,-66.9,227.8,-66.4,0.4
124K1,1047.89,310,22,660-680,5,2.3,136.2,-14.3,141.1,-11,146.4,-45,141.1,-25.9,155.9,-50,0.4
124L1,1048.37,310,22,640-660,5,2.9,145.3,-12.4,148.7,-5.9,135.9,-48.6,148.7,-14.5,140.6,-51.8,0.4
124M1,1049.51,310,22,645-673,7,10,160.6,-17.4,164.4,-5.5,113.9,-57.1,164.4,-13.5,117.5,-60.8,0.4
125D1,1057.64,310,22,650-670,5,3.4,172.3,-36.5,179.7,-13.1,85,-64.4,179.7,-30.2,85.3,-74,0.4
125E1,1057.86,310,22,600-645,5,1.5,192,-37.9,195.6,-11,52.3,-59.6,195.6,-25.9,43.2,-66.6,0.4
127A1,1063.16,335,11,655-677,5,12.3,161.4,-29,167.2,-27.2,120.5,-68.7,167.2,-52.1,180.4,-79.2,0.4
127B1,1063.58,335,11,645-665,5,5.6,174,-24.4,178.3,-20.4,88.8,-68.3,178.3,-42.9,96.3,-82.6,0.4
127B2,1063.58,335,11,655-673,5,4.9,180.7,-21.6,184.1,-16.5,74.3,-65.9,184.1,-36.5,66.2,-77.6,0.4
127C,1064.13,335,11,655-675,5,3.4,186.9,-31.6,191.8,-25.3,51.9,-68.2,191.8,-49.8,0.1,-79.8,0.4
127D2,1066.6,335,11,650-673,5,7.8,166.6,-24.3,171.2,-21.6,107.4,-67.5,171.2,-44.7,139.1,-80.3,0.4
128A2,1067.01,335,11,650-673,5,0.7,150.7,-27.3,156.4,-27.6,140.6,-62.2,156.4,-52.6,183.5,-70.2,0.4
128B2,1067.63,335,11,640-660,5,1,155.4,-16.5,158.7,-16.1,128.4,-58.9,158.7,-35.8,146.5,-67.3,0.4
128C,1069.96,335,11,650-670,5,0.9,162.3,-24.9,167.2,-23.1,117.5,-66.7,167.2,-46.8,157,-78.2,0.4
128D2,1072.13,335,11,650-673,5,2.2,173.9,-17.8,176.9,-14,91.5,-64.7,176.9,-31.9,95.7,-74.8,0.4
129C2,1075.06,335,11,655-680,6,1.9,158.4,-11.9,163.9,-8.6,116.1,-58.3,163.9,-20.7,122.5,-63.9,0.4
130C,1079,30,28,600-645,5,1.9,212.7,-26.7,225.5,-22.1,10.1,-43.4,225.5,-45.4,349.8,-50.4,0.4
130H,1083.1,30,28,655-673,5,9.4,155.1,-5.4,160.3,-27.7,134.6,-64.9,160.3,-52.7,183.4,-73.4,0.4
130J1,1084.34,30,28,655-677,5,1.8,193.9,-11.2,201,-17.4,39.8,-59.7,201,-38.1,19.1,-68.4,0.4
130M1,1086.07,30,28,640-660,5,2.5,171.3,-8.3,178.2,-24.7,89.6,-70.7,178.2,-49,118.7,-87.2,0.4
130N1,1087.43,30,28,600-645,5,1.2,144.2,-6.1,148.5,-31.3,153.6,-57.7,148.5,-56.7,194.3,-63.7,0.4
130P,1088.05,30,28,600-645,5,2.2,144.8,-16.5,152.3,-41.3,162.1,-64.2,152.3,-65.5,218.8,-64,0.4
130R2,1090.53,30,28,650-670,5,2.3,164.7,7.3,165.6,-12.6,114.8,-60.9,165.6,-29.2,125.9,-68.9,0.4
131C1,1094.24,30,28,640-655,5,3.6,150.7,-27.6,164.8,-50.1,172.5,-77,164.8,-71.5,245,-63.8,0.4
131D1,1095.74,30,28,640-660,5,1.2,152.7,-17.6,162.3,-40.1,147.8,-71.8,162.3,-64.6,225.9,-70.3,0.4
131D2,1095.74,30,28,645-660,5,2.4,150.7,-24.4,163.1,-47.1,163.7,-74.9,163.1,-69.6,239.5,-65.6,0.4