localityId, localityName, dataId, x, y, latitude, longitude, zone, altitude, horiz_precision, vert_precision, planeType, dip, dipAzimuth, strike, declination, unitId, timedate, notes
2e54ef0926173bd3d75077b0e144cf01, Locality 1, bb73d67506ecfe496cbc1fd066c6bca8,684913.8012,5325381.75,48.05490188,-90.51839747, 15U,7.31634329,9.24615938,-1, Igneous Foliation,17.50344849,201.8682404,111.8682404,-2.69737244, Poplar Lake Intrusion, Thu Jul 16 19:12:04 2020, 
2e54ef0926173bd3d75077b0e144cf01, Locality 1, ec9ad6874edef1a0ae27789fda25cf12,684911.3571,5325388.649,48.0549646,-90.51842726, 15U,3.41597132,4.70698172,-1, Igneous Foliation,15.90577984,199.7295075,109.7295075,-2.69737244, Poplar Lake Intrusion, Thu Jul 16 19:11:44 2020, 
2e54ef0926173bd3d75077b0e144cf01, Locality 1, b224ddf358dbb9e9b349010e9171d10f,684907.5603,5325390.329,48.0549808,-90.51847744, 15U,3.39181353,4.96216038,-1, Igneous Foliation,9.54200935,207.3243408,117.3243408,-2.69737244, Poplar Lake Intrusion, Thu Jul 16 19:06:19 2020, 
2e54ef0926173bd3d75077b0e144cf01, Locality 1, 96a76cfa27caa1fcc30935057695a793,684922.0718,5325397.276,48.05503904,-90.51827987, 15U,12.69896344,14.26292438,-1, Igneous Foliation,14.07537746,211.4410706,121.4410706,-2.69737244, Poplar Lake Intrusion, Thu Jul 16 18:12:43 2020, 
2e54ef0926173bd3d75077b0e144cf01, Locality 1, 12ec834c51ed2fc5202d0176a6d9bc70,684923.6287,5325398.036,48.05504542,-90.51825867, 15U,14.44541852,19.07344422,-1, Igneous Foliation,17.60745811,201.341568,111.341568,-2.69737244, Poplar Lake Intrusion, Thu Jul 16 18:12:36 2020, 
2e54ef0926173bd3d75077b0e144cf01, Locality 1, a9d9b3bc907ae4027cc3327115c7b5c4,684906.6572,5325389.43,48.05497298,-90.51848993, 15U,12.56687046,11.35236873,-1, Igneous Foliation,24.02213287,235.5587616,145.5587616,-2.69737244, Poplar Lake Intrusion, Thu Jul 16 17:49:36 2020, 
2e54ef0926173bd3d75077b0e144cf01, Locality 1, 5f6a4d4282b2f6aa683f0d9f31a72894,684919.9111,5325380.547,48.05488929,-90.51831607, 15U,10.95149336,21.76246629,-1, Igneous Foliation,17.81705666,187.1281281,97.12812805,-2.69737244, Poplar Lake Intrusion, Thu Jul 16 17:43:06 2020, 
2e54ef0926173bd3d75077b0e144cf01, Locality 1, a0b5bc39cfe2c3664fbc5765e4f62036,684925.9537,5325384.287,48.05492116,-90.51823344, 15U,2.8646719,5.06144169,-1, Igneous Foliation,15.9865284,201.6566773,111.6566773,-2.69737244, Poplar Lake Intrusion, Thu Jul 16 17:42:09 2020, 
2e54ef0926173bd3d75077b0e144cf01, Locality 1, daf2c9047657f3f571c70552d9de1217,684924.315,5325380.589,48.05488839,-90.51825701, 15U,3.04671357,4.9539957,-1, Igneous Foliation,17.1256485,182.3418884,92.34188843,-2.69737244, Poplar Lake Intrusion, Thu Jul 16 17:41:56 2020, 
2e54ef0926173bd3d75077b0e144cf01, Locality 1, eb9fce8090277e8a4394aa8cc1e2b3a0,684920.958,5325370.652,48.05480004,-90.51830631, 15U,2.22060611,7.13899199,-1, Igneous Foliation,16.22954559,206.4312897,116.4312897,-2.69737244, Poplar Lake Intrusion, Thu Jul 16 17:41:35 2020, 
2e54ef0926173bd3d75077b0e144cf01, Locality 1, 518020d24d009d194d70f8332061258f,684918.8145,5325380.167,48.0548862,-90.51833094, 15U,2.28128738,7.03178037,-1, Igneous Foliation,14.80320549,198.3865051,108.3865051,-2.69737244, Poplar Lake Intrusion, Thu Jul 16 17:41:24 2020, 
2e54ef0926173bd3d75077b0e144cf01, Locality 1, d681d069410c1cf76660c973a1b441b9,684919.7057,5325384.064,48.05492097,-90.51831731, 15U,3.20548539,4.85277245,-1, Igneous Foliation,13.5527029,187.0436554,97.0436554,-2.69737244, Poplar Lake Intrusion, Thu Jul 16 17:41:16 2020, 
2e54ef0926173bd3d75077b0e144cf01, Locality 1, 7bd1d1f8cf5ffae4b83fab4f7ce891ca,684911.8913,5325385.681,48.05493776,-90.51842138, 15U,3.39924091,4.71907812,-1, Igneous Foliation,11.51350498,210.5309448,120.5309448,-2.69737244, Poplar Lake Intrusion, Thu Jul 16 17:40:52 2020, 
2e54ef0926173bd3d75077b0e144cf01, Locality 1, 560f9706df28677aaa96721055b1652b,684927.3892,5325376.759,48.05485308,-90.51821745, 15U,2.51105765,5.24586757,-1, Igneous Foliation,24.79693985,186.2233582,96.22335815,-2.69737244, Poplar Lake Intrusion, Thu Jul 16 17:32:28 2020, 
2e54ef0926173bd3d75077b0e144cf01, Locality 1, c286c4515a73d5a3ae87fc24e2fd8eb9,684921.1778,5325375.343,48.05484215,-90.51830134, 15U,20.3153813,22.6185194,-1, Igneous Foliation,25.37931252,211.0479431,121.0479431,-2.69737244, Poplar Lake Intrusion, Thu Jul 16 17:30:50 2020, 
2e54ef0926173bd3d75077b0e144cf01, Locality 1, 4c4c0703112b6c070ffbce2bdb41e57d,684926.6974,5325370.012,48.05479264,-90.51822964, 15U,13.76291261,17.30849343,-1, Igneous Foliation,24.56770325,210.7661438,120.7661438,-2.69737244, Poplar Lake Intrusion, Thu Jul 16 17:30:37 2020, 
2e54ef0926173bd3d75077b0e144cf01, Locality 1, a17a05f0533a4bfedeeccf5031eebaf8,685519.3035,5323991.146,48.04222655,-90.51088213, 15U,11.59016562,8.98628315,-1, Igneous Foliation,13.88506317,162.3707733,72.37077332,-2.69737244, Poplar Lake Intrusion, Wed Jul 15 15:40:27 2020, 
2e54ef0926173bd3d75077b0e144cf01, Locality 1, d7a152aa7c31820a12365b9b43be3792,685514.4479,5323988.201,48.04220149,-90.51094849, 15U,3.44122322,4.68855199,-1, Igneous Foliation,16.48729706,174.9854584,84.98545837,-2.69737244, Poplar Lake Intrusion, Wed Jul 15 15:39:19 2020, 
2e54ef0926173bd3d75077b0e144cf01, Locality 1, 55e60b70eebb7e2afbc80b76acc4bab6,685510.5651,5323990.183,48.04222043,-90.51099968, 15U,3.43397398,4.69386405,-1, Igneous Foliation,17.63702965,182.9863281,92.98632812,-2.69737244, Poplar Lake Intrusion, Wed Jul 15 15:38:00 2020, 
2e54ef0926173bd3d75077b0e144cf01, Locality 1, 0cf791085424b7f046b1ac1c01add2d0,685549.9044,5323999.697,48.04229452,-90.51046825, 15U,3.38922756,4.72627481,-1, Igneous Foliation,19.08940506,180.238678,90.23867798,-2.69737244, Poplar Lake Intrusion, Wed Jul 15 15:24:15 2020, 
2e54ef0926173bd3d75077b0e144cf01, Locality 1, fc9911b3cf33e9031f888060739af76e,685550.4741,5324002.983,48.04232389,-90.51045919, 15U,3.44613509,4.6849429,-1, Igneous Foliation,16.18539238,178.7297821,88.7297821,-2.69737244, Poplar Lake Intrusion, Wed Jul 15 15:22:21 2020, 
2e54ef0926173bd3d75077b0e144cf01, Locality 1, accfb0c34ae9da3841f61dc214cf7f69,685550.7634,5324002.114,48.04231599,-90.51045569, 15U,3.41337786,4.70886278,-1, Igneous Foliation,12.30849361,181.4741364,91.47413635,-2.69737244, Poplar Lake Intrusion, Wed Jul 15 15:22:16 2020, 
2e54ef0926173bd3d75077b0e144cf01, Locality 1, 805582e820af650f6ca8c2d3c6620cc3,685553.6028,5324000.044,48.04229656,-90.51041853, 15U,3.48283735,4.65772273,-1, Igneous Foliation,13.3416748,182.0956268,92.09562683,-2.69737244, Poplar Lake Intrusion, Wed Jul 15 15:22:02 2020, 
2e54ef0926173bd3d75077b0e144cf01, Locality 1, 1c66093a51563a2e78cca7f711006dbc,685550.6674,5323999.97,48.04229675,-90.51045791, 15U,3.47585921,4.66293253,-1, Igneous Foliation,12.25748253,183.7223663,93.72236633,-2.69737244, Poplar Lake Intrusion, Wed Jul 15 15:21:52 2020, 
2e54ef0926173bd3d75077b0e144cf01, Locality 1, e24aa6a30e352c75dc32fed79b63f3cb,685550.5628,5324000.962,48.0423057,-90.51045888, 15U,3.3907685,4.72516941,-1, Igneous Foliation,12.05114079,192.7384491,102.7384491,-2.69737244, Poplar Lake Intrusion, Wed Jul 15 15:21:45 2020, 
2e54ef0926173bd3d75077b0e144cf01, Locality 1, c4c11ec4c0ad187d7e5df336ba17645b,685324.285,5324051.198,48.04282298,-90.51347015, 15U,3.08685711,4.92908209,-1, Igneous Foliation,13.61038208,196.6757965,106.6757965,-2.69737244, Poplar Lake Intrusion, Wed Jul 15 14:56:07 2020, 
2e54ef0926173bd3d75077b0e144cf01, Locality 1, 2fc3893e0c85e4d2598a51eecef62f7f,685322.3807,5324049.991,48.04281267,-90.5134962, 15U,3.38103861,4.7321364,-1, Igneous Foliation,13.93494034,188.0678558,98.06785583,-2.69737244, Poplar Lake Intrusion, Wed Jul 15 14:55:58 2020, 
2e54ef0926173bd3d75077b0e144cf01, Locality 1, 98a2fc1a6140dacb741a6de3e06ba5ae,685320.4561,5324049.472,48.04280857,-90.51352222, 15U,3.37012239,4.73991689,-1, Igneous Foliation,18.67937469,192.3136292,102.3136292,-2.69737244, Poplar Lake Intrusion, Wed Jul 15 14:55:49 2020, 
2e54ef0926173bd3d75077b0e144cf01, Locality 1, 31376eea9869b4cfb2589982e0ed2c75,685319.9398,5324050.444,48.04281746,-90.51352872, 15U,3.39531732,4.72190188,-1, Igneous Foliation,15.24660683,188.1313324,98.1313324,-2.69737244, Poplar Lake Intrusion, Wed Jul 15 14:55:43 2020, 
2e54ef0926173bd3d75077b0e144cf01, Locality 1, 2ce3f8f91284b8461b57bffedc686d9d,685319.897,5324052.56,48.04283649,-90.51352838, 15U,3.31693452,4.77728819,-1, Igneous Foliation,17.3514576,185.0199585,95.0199585,-2.69737244, Poplar Lake Intrusion, Wed Jul 15 14:55:37 2020, 
2e54ef0926173bd3d75077b0e144cf01, Locality 1, 37016d474c7a5349da6f6f230edd9e6e,685308.1022,5324065.159,48.04295316,-90.51368102, 15U,9.65267784,10.87666618,-1, Igneous Foliation,13.89072609,183.580368,93.58036804,-2.69737244, Poplar Lake Intrusion, Wed Jul 15 14:52:08 2020, 
2e54ef0926173bd3d75077b0e144cf01, Locality 1, cad8116e853b1e6b1447058ad3e19394,685307.2113,5324056.645,48.04287689,-90.51369665, 15U,3.30712181,4.78408637,-1, Igneous Foliation,14.51476955,194.6858978,104.6858978,-2.69737244, Poplar Lake Intrusion, Wed Jul 15 13:08:56 2020, 
2e54ef0926173bd3d75077b0e144cf01, Locality 1, e94738b3a6b518d480b7a6381101ce1e,685306.0583,5324055.989,48.04287133,-90.51371239, 15U,3.35382713,4.7514609,-1, Igneous Foliation,17.36144829,209.2669983,119.2669983,-2.69737244, Poplar Lake Intrusion, Wed Jul 15 13:08:50 2020, 
2e54ef0926173bd3d75077b0e144cf01, Locality 1, 5ca9b4023473e3ad289bdc93c4f174fa,685302.1835,5324051.988,48.04283649,-90.51376606, 15U,3.27959976,4.80299515,-1, Igneous Foliation,15.75863934,182.2889557,92.28895569,-2.69737244, Poplar Lake Intrusion, Wed Jul 15 13:08:35 2020, 
2e54ef0926173bd3d75077b0e144cf01, Locality 1, fddde6ce5e64ced2352b96baa5e29923,685306.0858,5324055.075,48.04286311,-90.51371242, 15U,10.901547,7.9018138,-1, Igneous Foliation,13.93619061,195.4903717,105.4903717,-2.69737244, Poplar Lake Intrusion, Wed Jul 15 13:01:59 2020, 
2e54ef0926173bd3d75077b0e144cf01, Locality 1, 29302f2d01d322d0713518a0366c9ffd,685306.0858,5324055.075,48.04286311,-90.51371242, 15U,10.901547,7.9018138,-1, Igneous Foliation,18.98140526,191.6226502,101.6226502,-2.69737244, Poplar Lake Intrusion, Wed Jul 15 13:01:36 2020, 
2e54ef0926173bd3d75077b0e144cf01, Locality 1, 9400a39547b6039af95b4d91a71f899f,685304.3956,5324053.4,48.04284854,-90.5137358, 15U,9.88215259,9.43857198,-1, Igneous Foliation,15.57799149,185.5637665,95.56376648,-2.69737244, Poplar Lake Intrusion, Wed Jul 15 13:01:25 2020, 
2e54ef0926173bd3d75077b0e144cf01, Locality 1, f5bc212fe02ada3b79e14afc7334c52a,685308.0644,5324054.716,48.0428593,-90.51368605, 15U,10.42766772,24.77338879,-1, Igneous Foliation,15.27962494,191.1412354,101.1412354,-2.69737244, Poplar Lake Intrusion, Wed Jul 15 13:01:11 2020, 
2e54ef0926173bd3d75077b0e144cf01, Locality 1, 54f8ecb94449827ed7feb441c1a245ab,685320.7143,5324052.975,48.04283998,-90.51351724, 15U,3.4520713,4.68057056,-1, Igneous Foliation,12.61209011,205.768631,115.768631,-2.69737244, Poplar Lake Intrusion, Wed Jul 15 13:00:38 2020, 
2e54ef0926173bd3d75077b0e144cf01, Locality 1, 6e8b9fac194e93598d4aa3762d23f3e2,685341.2454,5324043.36,48.0427476,-90.51324621, 15U,3.40438714,4.71536692,-1, Igneous Foliation,13.30455589,207.398819,117.398819,-2.69737244, Poplar Lake Intrusion, Wed Jul 15 12:59:54 2020, 
2e54ef0926173bd3d75077b0e144cf01, Locality 1, 147233fb774f8567284389f708286406,685341.2999,5324046.06,48.04277185,-90.51324431, 15U,13.7264483,8.87502392,-1, Igneous Foliation,16.02451324,192.5157318,102.5157318,-2.69737244, Poplar Lake Intrusion, Wed Jul 15 12:59:39 2020, 
2e54ef0926173bd3d75077b0e144cf01, Locality 1, b67649d9a13e3924dd623af49b6dc41b,685340.5331,5324047.098,48.04278141,-90.51325413, 15U,12.40352699,9.33112833,-1, Igneous Foliation,17.62235069,194.7984619,104.7984619,-2.69737244, Poplar Lake Intrusion, Wed Jul 15 12:59:33 2020, 
2e54ef0926173bd3d75077b0e144cf01, Locality 1, 19c07a9d367830286646ba1a26606b14,685340.0073,5324047.442,48.04278464,-90.51326103, 15U,13.07555941,19.21835727,-1, Igneous Foliation,15.43618488,192.2095642,102.2095642,-2.69737244, Poplar Lake Intrusion, Wed Jul 15 12:59:25 2020, 
2e54ef0926173bd3d75077b0e144cf01, Locality 1, 65b8d8f286d7c0178df679991b74eb08,685240.0592,5324188.077,48.04407778,-90.5145399, 15U,9.89511719,6.2954175,-1, Igneous Foliation,18.65636635,191.3041534,101.3041534,-2.69737244, Poplar Lake Intrusion, Wed Jul 15 11:45:52 2020, 
2e54ef0926173bd3d75077b0e144cf01, Locality 1, bd6925e533e963ba1b208df9dcf16d94,685242.0549,5324186.096,48.04405939,-90.514514, 15U,7.56588218,7.27665896,-1, Igneous Foliation,16.10494804,188.9151917,98.91519165,-2.69737244, Poplar Lake Intrusion, Wed Jul 15 11:45:37 2020, 
2e54ef0926173bd3d75077b0e144cf01, Locality 1, 0eab8936c952d0b6c297f798b3fa945d,685259.235,5324195.443,48.04413842,-90.51427967, 15U,3.36272592,4.74516716,-1, Igneous Foliation,13.88672447,204.1495667,114.1495667,-2.69737244, Poplar Lake Intrusion, Wed Jul 15 11:43:04 2020, 
2e54ef0926173bd3d75077b0e144cf01, Locality 1, c2551720779bd43c6d7d7c61d65edfa9,685258.6614,5324195.344,48.04413769,-90.5142874, 15U,3.42436084,4.70088182,-1, Igneous Foliation,15.57315254,218.030365,128.030365,-2.69737244, Poplar Lake Intrusion, Wed Jul 15 11:42:51 2020, 
2e54ef0926173bd3d75077b0e144cf01, Locality 1, c6909c0ab92f961da3df01fea34974a0,685259.3871,5324194.945,48.0441339,-90.51427785, 15U,3.3823043,4.73123183,-1, Igneous Foliation,16.23775482,208.4856873,118.4856873,-2.69737244, Poplar Lake Intrusion, Wed Jul 15 11:39:13 2020, 
2e54ef0926173bd3d75077b0e144cf01, Locality 1, 39c57ab35d06718f253bc160a34d3c75,685257.8245,5324194.103,48.04412678,-90.51429916, 15U,3.4245754,4.70072552,-1, Igneous Foliation,11.61792278,226.4261017,136.4261017,-2.69737244, Poplar Lake Intrusion, Wed Jul 15 11:39:05 2020, 
2e54ef0926173bd3d75077b0e144cf01, Locality 1, 5daee421e4efe2a2b181d278c24bd8ba,693164.9014,5325302.371,48.05174446,-90.40781582, 15U,17.8584251,12.25080728,-1, Bedding,15.47878838,190.8881073,100.8881073,-2.69737244, Rove Formation, Tue Jul 14 18:49:15 2020, 
2e54ef0926173bd3d75077b0e144cf01, Locality 1, 9294a59226b78b3732c847791e8c03bf,693166.8943,5325304.132,48.05175969,-90.40778831, 15U,2.84196052,5.07422875,-1, Bedding,13.18338108,157.666275,67.66627502,-2.69737244, Rove Formation, Tue Jul 14 18:31:41 2020, 
2e54ef0926173bd3d75077b0e144cf01, Locality 1, cb8a4bbd667f8d5364c14070a00b0d2a,693166.8032,5325304.003,48.05175855,-90.40778959, 15U,2.84196052,5.07422875,-1, Bedding,13.73146629,175.013794,85.01379395,-2.69737244, Rove Formation, Tue Jul 14 18:30:37 2020, 
2e54ef0926173bd3d75077b0e144cf01, Locality 1, 13f582b29088acaaff7ec510d2de9592,693166.3666,5325304.029,48.05175892,-90.40779544, 15U,2.84196052,5.07422875,-1, Bedding,14.87977982,178.9742279,88.97422791,-2.69737244, Rove Formation, Tue Jul 14 18:30:19 2020, 
2e54ef0926173bd3d75077b0e144cf01, Locality 1, 2c1bb0815bea43412a3f92e77cd5c08e,693166.2568,5325301.625,48.05173734,-90.40779799, 15U,2.84196052,5.07422875,-1, Bedding,13.41160393,185.8989563,95.8989563,-2.69737244, Rove Formation, Tue Jul 14 18:30:01 2020, 
2e54ef0926173bd3d75077b0e144cf01, Locality 1, f2bcdf387348d223a9e760042090306a,693166.8309,5325300.14,48.05172383,-90.40779097, 15U,2.84196052,5.07422875,-1, Bedding,12.57214832,184.8083191,94.80831909,-2.69737244, Rove Formation, Tue Jul 14 18:29:52 2020, 
2e54ef0926173bd3d75077b0e144cf01, Locality 1, 728a08d818a9d2af1a34b5e7a00d25f4,693166.1043,5325299.694,48.05172004,-90.40780091, 15U,2.84196052,5.07422875,-1, Bedding,15.14912415,189.261795,99.26179504,-2.69737244, Rove Formation, Tue Jul 14 18:29:25 2020, 
2e54ef0926173bd3d75077b0e144cf01, Locality 1, 88c5d1b3e8420e253703147dc77db4d1,693165.0251,5325301.422,48.0517359,-90.4078146, 15U,2.84196052,5.07422875,-1, Bedding,14.2142067,176.5680389,86.56803894,-2.69737244, Rove Formation, Tue Jul 14 18:29:15 2020, 
2e54ef0926173bd3d75077b0e144cf01, Locality 1, 8737a67ed9483311739933c25cc9c660,693166.6711,5325302.525,48.05174531,-90.40779203, 15U,2.84196052,5.07422875,-1, Bedding,14.41330433,191.6230774,101.6230774,-2.69737244, Rove Formation, Tue Jul 14 18:28:58 2020, 
2e54ef0926173bd3d75077b0e144cf01, Locality 1, e8aa690aaa97cb1f878ecfa4222a62ca,693167.9663,5325299.966,48.05172192,-90.40777582, 15U,2.84196052,5.07422875,-1, Bedding,17.42276764,206.8648071,116.8648071,-2.69737244, Rove Formation, Tue Jul 14 18:28:41 2020, 
2e54ef0926173bd3d75077b0e144cf01, Locality 1, 3ae475c73f649baceed8c83769951452,691582.2118,5325007.797,48.04957384,-90.42916441, 15U,2.84196052,5.07422875,-1, Flow Banding,23.27766991,186.8098755,96.80987549,-2.69737244, Logan Sills, Tue Jul 14 15:29:05 2020, 
2e54ef0926173bd3d75077b0e144cf01, Locality 1, 4d046593cdbf048293627e7171c74348,691582.2118,5325007.797,48.04957384,-90.42916441, 15U,2.84196052,5.07422875,-1, Columnar Joint,76.15007782,355.6087341,265.6087341,-2.69737244, Logan Sills, Tue Jul 14 15:28:12 2020, 
2e54ef0926173bd3d75077b0e144cf01, Locality 1, 607d4677fc81c82a8364288efa3956ca,691582.2118,5325007.797,48.04957384,-90.42916441, 15U,2.84196052,5.07422875,-1, Columnar Joint,87.5687561,269.1395874,179.1395874,-2.69737244, Logan Sills, Tue Jul 14 15:28:02 2020, 
2e54ef0926173bd3d75077b0e144cf01, Locality 1, 5d68db4e3708105db53f19e1647dd123,691582.2118,5325007.797,48.04957384,-90.42916441, 15U,2.84196052,5.07422875,-1, Columnar Joint,79.02766418,345.495697,255.495697,-2.69737244, Logan Sills, Tue Jul 14 15:27:55 2020, 
2e54ef0926173bd3d75077b0e144cf01, Locality 1, 9afb468bd81e4365249ad866d2e8d689,691580.0336,5324999.731,48.049502,-90.42919722, 15U,2.13745814,5.47881972,-1, Flow Banding,24.21567154,169.5114288,79.51142883,-2.69737244, Logan Sills, Tue Jul 14 14:17:27 2020, 
2e54ef0926173bd3d75077b0e144cf01, Locality 1, 56c480f4c8b9a2953ef2bfb1d6e641f4,691579.8779,5325007.498,48.04957185,-90.42919583, 15U,2.43443748,5.28186058,-1, Columnar Joint,70.05020905,23.28033638,293.2803345,-2.69737244, Logan Sills, Tue Jul 14 14:16:11 2020, 
2e54ef0926173bd3d75077b0e144cf01, Locality 1, af74d9b705ed4b40385dc925bb70a528,691578.3921,5325005.498,48.04955432,-90.42921665, 15U,2.98772912,4.98979075,-1, Columnar Joint,74.957901,53.49469757,323.4946899,-2.69737244, Logan Sills, Tue Jul 14 14:16:05 2020, 
2e54ef0926173bd3d75077b0e144cf01, Locality 1, 36e9f3b16e575e014a8d1c040c7aa210,691574.4651,5325010.818,48.04960332,-90.42926691, 15U,3.10405406,4.91827057,-1, Columnar Joint,83.05368042,343.3379211,253.3379211,-2.69737244, Logan Sills, Tue Jul 14 14:15:47 2020, 
2e54ef0926173bd3d75077b0e144cf01, Locality 1, 62090a6e953cc8dc1aae87ff26dfb03d,691574.0822,5325007.199,48.04957091,-90.42927366, 15U,2.78157289,5.10758155,-1, Columnar Joint,81.3482666,346.3594971,256.3594971,-2.69737244, Logan Sills, Tue Jul 14 14:15:38 2020, 
2e54ef0926173bd3d75077b0e144cf01, Locality 1, a52b145190e50a155eb77d3c95bec49f,691571.4962,5325002.73,48.04953152,-90.42931032, 15U,2.90791139,5.03672397,-1, Columnar Joint,82.40039825,309.6039124,219.6039124,-2.69737244, Logan Sills, Tue Jul 14 14:15:08 2020, 
2e54ef0926173bd3d75077b0e144cf01, Locality 1, f6102bb523138dc602547c543039ba4c,691572.3307,5325001.749,48.04952245,-90.42929958, 15U,2.42125218,5.28791782,-1, Columnar Joint,83.71538544,280.2909241,190.2909241,-2.69737244, Logan Sills, Tue Jul 14 14:15:00 2020, 
2e54ef0926173bd3d75077b0e144cf01, Locality 1, 600c4ea487f787a239fde9c4d46093f0,691571.4875,5324998.4,48.0494926,-90.42931238, 15U,2.25376859,5.38767346,-1, Columnar Joint,74.18886566,344.4814758,254.4814758,-2.69737244, Logan Sills, Tue Jul 14 14:14:53 2020, 
2e54ef0926173bd3d75077b0e144cf01, Locality 1, 4fb6a4edf956440db15b3197438de18b,691562.3947,5325009.94,48.04959905,-90.4294291, 15U,3.26607256,5.02433807,-1, Flow Banding,10.22080135,165.6871491,75.68714905,-2.69737244, Logan Sills, Tue Jul 14 14:13:40 2020, 
2e54ef0926173bd3d75077b0e144cf01, Locality 1, c7b7770279063cfa027ebd84e520fea2,691563.1485,5325005.789,48.04956152,-90.42942086, 15U,3.17761354,4.87106859,-1, Flow Banding,7.49874973,204.2190857,114.2190857,-2.69737244, Logan Sills, Tue Jul 14 14:13:26 2020, 
2e54ef0926173bd3d75077b0e144cf01, Locality 1, 6619aad1b1c9a27f032d72a0c96868e9,691579.3696,5325008.717,48.04958297,-90.4292021, 15U,3.09439422,4.92435391,-1, Flow Banding,12.41513443,218.9828033,128.9828033,-2.69737244, Logan Sills, Tue Jul 14 14:13:06 2020, 
2e54ef0926173bd3d75077b0e144cf01, Locality 1, 1f41b4e763d625710b68fc1847adf7c8,691583.4932,5325007.389,48.04956979,-90.42914742, 15U,3.13831624,4.89647917,-1, Flow Banding,27.4407444,185.9100342,95.91003418,-2.69737244, Logan Sills, Tue Jul 14 14:12:42 2020, 
2e54ef0926173bd3d75077b0e144cf01, Locality 1, b02f7ed4c672611a643e0b36869a9456,691581.8282,5325005.637,48.04955454,-90.42917052, 15U,11.66245111,8.39216045,-1, Flow Banding,32.76063919,178.5636749,88.56367493,-2.69737244, Logan Sills, Tue Jul 14 14:12:27 2020, These measurements can be grouped with LS6. 
2e54ef0926173bd3d75077b0e144cf01, Locality 1, f949a27b96ae627690b2f27de199843f,691846.241,5325105.435,48.05037212,-90.42558135, 15U,2.44450924,6.19310005,-1, Columnar Joint,18.66649246,167.6499023,77.64990234,-2.69737244, Logan Sills, Tue Jul 14 13:58:01 2020, 
2e54ef0926173bd3d75077b0e144cf01, Locality 1, 8b5c788304fc88279fee59d155642064,691843.6982,5325104.334,48.05036298,-90.42561593, 15U,2.56075881,5.28783805,-1, Columnar Joint,14.83517075,182.7127686,92.71276855,-2.69737244, Logan Sills, Tue Jul 14 13:57:43 2020, 
2e54ef0926173bd3d75077b0e144cf01, Locality 1, 3c50e04487bc5c59bdb14ab23796dc6a,691848.3563,5325106.266,48.05037895,-90.42555262, 15U,2.18168139,6.38152688,-1, Columnar Joint,71.61164856,359.0502014,269.0502014,-2.69737244, Logan Sills, Tue Jul 14 13:57:27 2020, 
2e54ef0926173bd3d75077b0e144cf01, Locality 1, 2e979f719dcefbb211a377d53357b523,691847.9019,5325108.968,48.05040337,-90.4255575, 15U,2.31030031,5.35553906,-1, Columnar Joint,72.51831818,352.2981873,262.2981873,-2.69737244, Logan Sills, Tue Jul 14 13:57:12 2020, 
2e54ef0926173bd3d75077b0e144cf01, Locality 1, 7bdb4e36c0b63bd7dfc29b2c65a765f1,691847.0967,5325106.76,48.05038377,-90.42556929, 15U,2.37116983,5.39699058,-1, Columnar Joint,83.32372284,69.17634583,339.1763306,-2.69737244, Logan Sills, Tue Jul 14 13:57:08 2020, 
2e54ef0926173bd3d75077b0e144cf01, Locality 1, 0b7d21bf725ea6a3ab4954f3b12d4561,691849.0647,5325105.691,48.05037356,-90.42554338, 15U,2.43225584,5.32932819,-1, Columnar Joint,71.39756012,341.8836975,251.8836975,-2.69737244, Logan Sills, Tue Jul 14 13:57:01 2020, 
2e54ef0926173bd3d75077b0e144cf01, Locality 1, 7271d08ef981f9cb9da954bcb01ebdd1,691843.8276,5325104.021,48.05036013,-90.42561434, 15U,18.55883059,13.5667083,-1, Flow Banding,12.7813797,179.5990143,89.59901428,-2.69737244, Logan Sills, Tue Jul 14 13:56:26 2020, 
2e54ef0926173bd3d75077b0e144cf01, Locality 1, 15db6d4eb7ad5fe9b302b680ad8c89cd,691845.8135,5325090.648,48.05023934,-90.42559371, 15U,20.80729144,25.79911169,-1, Flow Banding,20.53297806,162.9529266,72.95292664,-2.69737244, Logan Sills, Tue Jul 14 13:56:05 2020, 
2e54ef0926173bd3d75077b0e144cf01, Locality 1, 1f7f905164a149ba3a70144da06b32a8,691843.5979,5325109.48,48.05040926,-90.42561497, 15U,3.45054636,4.93603042,-1, Columnar Joint,86.7922821,257.773407,167.773407,-2.69737244, Logan Sills, Tue Jul 14 12:49:15 2020, 
2e54ef0926173bd3d75077b0e144cf01, Locality 1, d8f28030afcf93298fa61877f535497b,691845.9935,5325110.811,48.05042051,-90.42558226, 15U,3.41948703,5.32731247,-1, Columnar Joint,84.80697632,351.5881958,261.5881958,-2.69737244, Logan Sills, Tue Jul 14 12:49:08 2020, 
2e54ef0926173bd3d75077b0e144cf01, Locality 1, ae2f033bc203df478dccf857bbe74dd8,691844.9567,5325110.183,48.05041517,-90.42559644, 15U,3.45046612,5.47943458,-1, Flow Banding,11.34198093,159.5202484,69.52024841,-2.69737244, Logan Sills, Tue Jul 14 12:48:59 2020, 
2e54ef0926173bd3d75077b0e144cf01, Locality 1, e2d4391fe57b40bd83d759e85d708eba,691846.6188,5325113.708,48.05044636,-90.42557258, 15U,3.47872167,5.03180594,-1, Flow Banding,14.28569317,170.637146,80.637146,-2.69737244, Logan Sills, Tue Jul 14 12:48:52 2020, 
2e54ef0926173bd3d75077b0e144cf01, Locality 1, 88e043cf9d3ac09a10d12a510473da10,691861.6384,5325135.392,48.05063675,-90.42536152, 15U,12.22249006,8.37152042,-1, Bedding,20.00233269,178.0535126,88.05351257,-2.69737244, Rove Formation, Tue Jul 14 12:37:59 2020, 
2e54ef0926173bd3d75077b0e144cf01, Locality 1, e23cdb712de8930bffae20b4df6db480,691868.878,5325132.963,48.05061273,-90.42526556, 15U,3.33193777,4.76683624,-1, Bedding,13.27088737,128.3819275,38.38192749,-2.69737244, Rove Formation, Tue Jul 14 12:36:36 2020, Root heaved a bit
2e54ef0926173bd3d75077b0e144cf01, Locality 1, 94b3b5dde7792d7ded9bd38c90f5403f,691889.1548,5325142.899,48.05069595,-90.42498929, 15U,2.95187144,5.01108691,-1, Bedding,19.40412712,157.6648102,67.66481018,-2.69737244, Rove Formation, Tue Jul 14 12:34:08 2020, 
2e54ef0926173bd3d75077b0e144cf01, Locality 1, e21619e9df2cefdd9e1bfcd9f0b9e3e5,691888.8116,5325140.846,48.0506776,-90.42499481, 15U,2.80599692,5.09420439,-1, Bedding,25.83109856,172.3370819,82.33708191,-2.69737244, Rove Formation, Tue Jul 14 12:33:57 2020, 
2e54ef0926173bd3d75077b0e144cf01, Locality 1, bfa42c876d77335893b48b6fa6d2fd92,691889.3147,5325140.657,48.05067575,-90.42498815, 15U,2.85989202,5.06414402,-1, Bedding,29.1226368,175.0351868,85.03518677,-2.69737244, Rove Formation, Tue Jul 14 12:33:49 2020, 
2e54ef0926173bd3d75077b0e144cf01, Locality 1, 404ef50514c887361339a10e008e962e,693079.6689,5325575.69,48.05422681,-90.40883507, 15U,10.75331459,11.67664537,-1, Flow Banding,10.73672867,209.1184387,119.1184387,-2.69737244, Logan Sills, Tue Jul 14 11:56:35 2020, 
2e54ef0926173bd3d75077b0e144cf01, Locality 1, 87bd14739852ac1b9067fff772731c99,693076.6591,5325569.577,48.05417278,-90.40887818, 15U,2.44023141,5.72415729,-1, Flow Banding,9.27987862,212.4885254,122.4885254,-2.69737244, Logan Sills, Tue Jul 14 11:12:21 2020, 
2e54ef0926173bd3d75077b0e144cf01, Locality 1, ead46a85e83b04964d1e3ce7bd4ac803,693079.7756,5325572.102,48.05419453,-90.40883526, 15U,2.51061407,5.35407242,-1, Flow Banding,4.44815493,160.8872833,70.88728333,-2.69737244, Logan Sills, Tue Jul 14 11:12:13 2020, 
2e54ef0926173bd3d75077b0e144cf01, Locality 1, 9c005d5a700a5daad7f01eced1d17376,693081.9864,5325567.293,48.05415064,-90.40880779, 15U,2.8441301,5.07301301,-1, Columnar Joint,79.29351044,288.9387512,198.9387512,-2.69737244, Logan Sills, Tue Jul 14 11:11:58 2020, 
2e54ef0926173bd3d75077b0e144cf01, Locality 1, add361ce1d6c10d9d1aa86aa35d01d96,693083.9338,5325566.634,48.05414413,-90.40878198, 15U,2.08262324,5.71772567,-1, Columnar Joint,86.62153625,20.88719368,290.887207,-2.69737244, Logan Sills, Tue Jul 14 11:11:51 2020, 
2e54ef0926173bd3d75077b0e144cf01, Locality 1, 5a04e1ee766d7f5a9b52ddb32f8ac0b8,693095.3188,5325568.695,48.05415921,-90.40862842, 15U,2.45088521,5.37407687,-1, Columnar Joint,85.47356415,349.9743958,259.9743958,-2.69737244, Logan Sills, Tue Jul 14 11:11:18 2020, 
2e54ef0926173bd3d75077b0e144cf01, Locality 1, 032c7ea25e075f45577815a4558f08d9,693092.4309,5325572.644,48.05419557,-90.40866536, 15U,2.25630934,6.31732349,-1, Columnar Joint,89,194.8039246,104.8039246,-2.69737244, Logan Sills, Tue Jul 14 11:11:10 2020, 
2e54ef0926173bd3d75077b0e144cf01, Locality 1, ba24a6d3b09656f6162fa9781290e2aa,693096.7991,5325569.069,48.05416212,-90.40860841, 15U,12.7675866,12.89759158,-1, Flow Banding,8.34695148,193.0542908,103.0542908,-2.69737244, Logan Sills, Tue Jul 14 11:10:51 2020, 
2e54ef0926173bd3d75077b0e144cf01, Locality 1, a74f9396f305f6446eb862781c1b1c33,693098.6909,5325569.218,48.05416289,-90.40858298, 15U,3.56007127,5.68692574,-1, Flow Banding,10.71553993,185.6815491,95.68154907,-2.69737244, Logan Sills, Tue Jul 14 11:07:45 2020, 
2e54ef0926173bd3d75077b0e144cf01, Locality 1, 634360df65c9acbe198b20cac5799f94,693103.2902,5325566.612,48.05413807,-90.4085225, 15U,3.64875597,5.2656504,-1, Flow Banding,14.93862438,188.4524994,98.45249939,-2.69737244, Logan Sills, Tue Jul 14 11:07:17 2020, 
2e54ef0926173bd3d75077b0e144cf01, Locality 1, 53318d460b2c2768939219e002067afb,693090.8922,5325562.793,48.0541075,-90.40869043, 15U,4.1324772,34.67015437,-1, Columnar Joint,83.90568542,20.44545364,290.4454346,-2.69737244, Logan Sills, Tue Jul 14 11:06:27 2020, 
2e54ef0926173bd3d75077b0e144cf01, Locality 1, 259e0aeb819676e7432e569a7db9e879,693096.9429,5325567.623,48.05414908,-90.40860713, 15U,2.65033131,8.93520083,-1, Flow Banding,14.13926792,157.0313873,67.03138733,-2.69737244, Logan Sills, Tue Jul 14 11:06:09 2020, 
2e54ef0926173bd3d75077b0e144cf01, Locality 1, b0a590560647555df8e5ffb96a3bc49b,693095.7487,5325566.491,48.05413927,-90.40862365, 15U,16.52407625,13.68189743,-1, Columnar Joint,82.7299118,21.83105278,291.8310547,-2.69737244, Logan Sills, Tue Jul 14 11:05:26 2020, 
2e54ef0926173bd3d75077b0e144cf01, Locality 1, 4d755357228dc2a793edf4b147996251,693100.0738,5325563.225,48.05410861,-90.40856715, 15U,18.96248531,21.69801525,-1, Columnar Joint,74.89978027,8.04299736,278.0429993,-2.69737244, Logan Sills, Tue Jul 14 11:05:17 2020, 
2e54ef0926173bd3d75077b0e144cf01, Locality 1, 93b97adf05b7dc092ce1f5da011807f2,693100.9191,5325569.768,48.05416715,-90.40855286, 15U,15.07775114,10.59243082,-1, Flow Banding,22.6433754,178.9543304,88.95433044,-2.69737244, Logan Sills, Tue Jul 14 11:00:51 2020, 
2e54ef0926173bd3d75077b0e144cf01, Locality 1, 11dee9340a3cdd948f23699542ee2023,693100.4774,5325571.513,48.05418298,-90.408558, 15U,17.38957331,24.41218472,-1, Flow Banding,19.48529434,176.6811523,86.68115234,-2.69737244, Logan Sills, Tue Jul 14 11:00:30 2020, 
2e54ef0926173bd3d75077b0e144cf01, Locality 1, 8171ac767a60e28e5eba4af548b49603,693111.647,5325574.225,48.05420397,-90.40840703, 15U,2.20969768,7.81000741,-1, Flow Banding,5.6773243,192.600708,102.600708,-2.69737244, Logan Sills, Tue Jul 14 10:46:03 2020, 
2e54ef0926173bd3d75077b0e144cf01, Locality 1, ff620d29493ad2f4c36d84377cae26f0,693110.3302,5325572.603,48.05418979,-90.40842542, 15U,10.34686144,9.65770883,-1, Flow Banding,17.66299248,166.7089233,76.70892334,-2.69737244, Logan Sills, Tue Jul 14 10:45:17 2020, 
2e54ef0926173bd3d75077b0e144cf01, Locality 1, e64da15859dcab7cd11f63f9af8a5af6,693112.7389,5325565.176,48.05412231,-90.40839648, 15U,10.65446658,12.36781588,-1, Columnar Joint,88.11230469,35.698452,305.6984558,-2.69737244, Logan Sills, Tue Jul 14 10:45:02 2020, 
2e54ef0926173bd3d75077b0e144cf01, Locality 1, 08a21c5c22acccda68106985992a46d2,693113.9752,5325562.03,48.05409366,-90.40838132, 15U,10.56855344,14.20826209,-1, Columnar Joint,88.71079254,278.2027283,188.2027283,-2.69737244, Logan Sills, Tue Jul 14 10:44:55 2020, 
2e54ef0926173bd3d75077b0e144cf01, Locality 1, 253284492a1cf7f013313506b94bbc5c,693113.3466,5325561.411,48.05408829,-90.40839003, 15U,10.91373957,18.32700968,-1, Columnar Joint,87.84302521,23.38388062,293.3838806,-2.69737244, Logan Sills, Tue Jul 14 10:44:48 2020, 
2e54ef0926173bd3d75077b0e144cf01, Locality 1, 992b1f38480ed15893aa50b2f6f950b9,693112.7694,5325566.164,48.05413118,-90.40839562, 15U,2.92750616,5.02536016,-1, Columnar Joint,85.54776764,294.9291687,204.9291687,-2.69737244, Logan Sills, Tue Jul 14 10:38:30 2020, 
2e54ef0926173bd3d75077b0e144cf01, Locality 1, 16499958306715fc6bdce29d5012d9ba,693111.5282,5325567.158,48.05414049,-90.40841181, 15U,2.23115829,5.75135998,-1, Columnar Joint,81.78962708,21.08572006,291.0857239,-2.69737244, Logan Sills, Tue Jul 14 10:38:18 2020, 
2e54ef0926173bd3d75077b0e144cf01, Locality 1, f8399140423260cf23a732a261401fa6,693109.6293,5325564.456,48.05411677,-90.40843849, 15U,2.68614897,5.15840487,-1, Columnar Joint,89,109.3921814,19.3921814,-2.69737244, Logan Sills, Tue Jul 14 10:37:53 2020, 
2e54ef0926173bd3d75077b0e144cf01, Locality 1, 041f4872a7eb2296ac0f6522ec070368,693109.0941,5325566.725,48.05413733,-90.40844464, 15U,2.29450008,6.14597126,-1, Columnar Joint,79.51473999,16.7604866,286.7604981,-2.69737244, Logan Sills, Tue Jul 14 10:37:42 2020, 
2e54ef0926173bd3d75077b0e144cf01, Locality 1, e044f446032ee936f82c122de5c54e19,693101.0131,5325570.068,48.05416982,-90.40855147, 15U,12.37794368,13.3346683,-1, Flow Banding,24.58238602,169.9312134,79.93121338,-2.69737244, Logan Sills, Tue Jul 14 10:36:33 2020, 
2e54ef0926173bd3d75077b0e144cf01, Locality 1, 0e6e4eb028cfee6fa415e8272fe9b6b5,693103.5397,5325568.046,48.05415089,-90.40851851, 15U,10.66514921,17.90222822,-1, Columnar Joint,74.56504822,11.77275753,281.7727661,-2.69737244, Logan Sills, Tue Jul 14 10:36:22 2020, 
2e54ef0926173bd3d75077b0e144cf01, Locality 1, 9f809073738acbcebb60f574bdcebd28,693107.2325,5325571.786,48.05418338,-90.40846731, 15U,12.86950461,65.42401872,-1, Columnar Joint,78.23916626,14.11790562,284.1179199,-2.69737244, Logan Sills, Tue Jul 14 10:36:15 2020, 
2e54ef0926173bd3d75077b0e144cf01, Locality 1, bf37380d24b8b191ae780814f539573b,693089.9754,5325577.297,48.05423813,-90.40869618, 15U,22.10414049,26.21874199,-1, Columnar Joint,78.37253571,28.43382263,298.4338379,-2.69737244, Logan Sills, Tue Jul 14 10:35:23 2020, 
2e54ef0926173bd3d75077b0e144cf01, Locality 1, 5701a81c64a62c467059e24cd6f73acd,693112.9005,5325567.345,48.05414175,-90.40839333, 15U,3.38671281,4.88609326,-1, Flow Banding,10.09471035,150.9093781,60.90937805,-2.69737244, Logan Sills, Tue Jul 14 10:20:37 2020, 
2e54ef0926173bd3d75077b0e144cf01, Locality 1, c624e8cfa9b610f8415eaa740a23a8af,693105.9016,5325569.239,48.05416089,-90.40848631, 15U,16.1849447,14.06192415,-1, Flow Banding,4.10621071,169.9217224,79.92172241,-2.69737244, Logan Sills, Tue Jul 14 10:20:19 2020, 
2e54ef0926173bd3d75077b0e144cf01, Locality 1, d7b12eb66b54a0c5827b5b58efe9a3d4,693406.5916,5326169.683,48.05946655,-90.40418384, 15U,9.63400329,7.70848922,-1, Flow Banding,13.00814819,192.9503021,102.9503021,-2.69737244, Logan Sills, Mon Jul 13 19:19:01 2020, 
2e54ef0926173bd3d75077b0e144cf01, Locality 1, 7a62750db649e5c9c9c5d95d4dd9edc0,693404.3231,5326169.368,48.0594644,-90.4042144, 15U,9.69313681,12.81293175,-1, Flow Banding,11.68429947,213.014679,123.014679,-2.69737244, Logan Sills, Mon Jul 13 19:18:37 2020, 
2e54ef0926173bd3d75077b0e144cf01, Locality 1, e78e41ad72d4d5f5539da13a55ba6926,693406.9155,5326169.22,48.05946228,-90.40417971, 15U,10.7081365,7.32879463,-1, Flow Banding,19.93556595,203.523407,113.523407,-2.69737244, Logan Sills, Mon Jul 13 19:17:48 2020, 
2e54ef0926173bd3d75077b0e144cf01, Locality 1, af6199588a9ec938e7c7d33feede03a1,693406.9155,5326169.22,48.05946228,-90.40417971, 15U,10.7081365,7.32879463,-1, Flow Banding,16.3631916,186.3193665,96.31936646,-2.69737244, Logan Sills, Mon Jul 13 19:17:36 2020, 
2e54ef0926173bd3d75077b0e144cf01, Locality 1, cf5bb2e46a18918dea1f34b69e33753d,693406.9155,5326169.22,48.05946228,-90.40417971, 15U,10.7081365,7.32879463,-1, Flow Banding,25.72656631,188.20784,98.20783997,-2.69737244, Logan Sills, Mon Jul 13 19:17:27 2020, 
2e54ef0926173bd3d75077b0e144cf01, Locality 1, 9b817b014154f8819d2d24c37ebee639,693406.9155,5326169.22,48.05946228,-90.40417971, 15U,10.7081365,7.32879463,-1, Flow Banding,16.3940239,214.0652466,124.0652466,-2.69737244, Logan Sills, Mon Jul 13 19:17:17 2020, 
2e54ef0926173bd3d75077b0e144cf01, Locality 1, 102e3102aacca158cb4702a0de06e6b7,695526.052,5326201.21,48.05910398,-90.37575374, 15U,3.6790924,4.50431084,-1, Flow Banding,15.19694805,201.8979797,111.8979797,-2.69737244, Logan Sills, Mon Jul 13 17:46:21 2020, 
2e54ef0926173bd3d75077b0e144cf01, Locality 1, 563d79919ac88c26ec968597777610f6,695526.052,5326201.21,48.05910398,-90.37575374, 15U,3.6790924,4.50431084,-1, Flow Banding,10.52491379,175.6738281,85.67382812,-2.69737244, Logan Sills, Mon Jul 13 17:44:52 2020, 
2e54ef0926173bd3d75077b0e144cf01, Locality 1, 448dceae28929d6dfc5db8b69c84cb11,695526.052,5326201.21,48.05910398,-90.37575374, 15U,3.6790924,4.50431084,-1, Flow Banding,14.97884464,191.325531,101.325531,-2.69737244, Logan Sills, Mon Jul 13 17:44:30 2020, 
2e54ef0926173bd3d75077b0e144cf01, Locality 1, ad69ae6690c55306b5d801fb2d6ba6dc,695526.052,5326201.21,48.05910398,-90.37575374, 15U,3.6790924,4.50431084,-1, Flow Banding,13.0688982,212.7228088,122.7228088,-2.69737244, Logan Sills, Mon Jul 13 17:44:06 2020, 
2e54ef0926173bd3d75077b0e144cf01, Locality 1, 1c5b085dd5c6ec01e5cc39560a3c9892,695526.052,5326201.21,48.05910398,-90.37575374, 15U,3.6790924,4.50431084,-1, Flow Banding,11.11529064,208.2298737,118.2298737,-2.69737244, Logan Sills, Mon Jul 13 17:43:54 2020, 
2e54ef0926173bd3d75077b0e144cf01, Locality 1, 13112ed475e3abae7ee62889928aec14,695526.052,5326201.21,48.05910398,-90.37575374, 15U,3.6790924,4.50431084,-1, Flow Banding,10.80928993,196.2984161,106.2984161,-2.69737244, Logan Sills, Mon Jul 13 17:43:45 2020, 
2e54ef0926173bd3d75077b0e144cf01, Locality 1, bd335a0ba9ae25da74cd27766d3e8dc8,695526.052,5326201.21,48.05910398,-90.37575374, 15U,3.6790924,4.50431084,-1, Flow Banding,7.27485991,181.9677887,91.9677887,-2.69737244, Logan Sills, Mon Jul 13 17:43:01 2020, 
2e54ef0926173bd3d75077b0e144cf01, Locality 1, 7e7b90f576b7824ae3cd98d19a188a7f,695526.052,5326201.21,48.05910398,-90.37575374, 15U,3.6790924,4.50431084,-1, Flow Banding,15.00192356,196.3917694,106.3917694,-2.69737244, Logan Sills, Mon Jul 13 17:42:54 2020, 
2e54ef0926173bd3d75077b0e144cf01, Locality 1, 227d95f69d0e54ab8e1cdf4b49eef0bc,695526.052,5326201.21,48.05910398,-90.37575374, 15U,3.6790924,4.50431084,-1, Flow Banding,5.73446751,193.4210053,103.4210053,-2.69737244, Logan Sills, Mon Jul 13 17:42:48 2020, 
2e54ef0926173bd3d75077b0e144cf01, Locality 1, a403884bf09fe0d7116f9cfe90a8e0dc,694772.2304,5327591.176,48.07182713,-90.3852271, 15U,3.08641089,5.30132601,-1, Columnar Joint,80.79910278,91.94061279,1.94061279,-2.69737244, Logan Sills, Mon Jul 13 15:48:29 2020, 
2e54ef0926173bd3d75077b0e144cf01, Locality 1, 3ceb22404751007cb9c3d52958b77165,694774.0571,5327592.089,48.07183477,-90.38520219, 15U,2.91319136,5.72966811,-1, Columnar Joint,86.81623077,15.91759014,285.9176025,-2.69737244, Logan Sills, Mon Jul 13 15:48:21 2020, 
2e54ef0926173bd3d75077b0e144cf01, Locality 1, 094f441bd8fa7f4199c47e44f8fedda2,694775.2758,5327597.096,48.0718794,-90.38518356, 15U,12.45886195,17.230389,-1, Flow Banding,14.91833782,183.8596497,93.85964966,-2.69737244, Logan Sills, Mon Jul 13 15:42:39 2020,  
2e54ef0926173bd3d75077b0e144cf01, Locality 1, 7b81f02173463ca1eafd56bcb3a5b3f9,694769.084,5327608.136,48.07198052,-90.38526156, 15U,2.81522131,5.70015205,-1, Flow Banding,8.81228542,194.7681732,104.7681732,-2.69737244, Logan Sills, Mon Jul 13 15:40:53 2020, 
2e54ef0926173bd3d75077b0e144cf01, Locality 1, 89f4f2aae966656a6e2d5827495372f3,694772.6818,5327598.961,48.07189695,-90.3852175, 15U,17.61520014,13.98785553,-1, Flow Banding,9.78386021,213.7559509,123.7559509,-2.69737244, Logan Sills, Mon Jul 13 15:40:40 2020, 
2e54ef0926173bd3d75077b0e144cf01, Locality 1, 67b9961098d4d421a9c0f96149e6cc62,694758.7209,5327613.327,48.07203034,-90.38539817, 15U,11.21807249,17.83407712,-1, Columnar Joint,89,18.06208801,288.0620728,-2.69737244, Logan Sills, Mon Jul 13 15:40:25 2020, 
2e54ef0926173bd3d75077b0e144cf01, Locality 1, 06f07ea6bd4c6cd44637ca1743b6e2e1,694752.7668,5327620.252,48.0720944,-90.38547486, 15U,12.20794558,28.18672633,-1, Columnar Joint,77.7870636,87.4956665,357.4956665,-2.69737244, Logan Sills, Mon Jul 13 15:40:18 2020, 
2e54ef0926173bd3d75077b0e144cf01, Locality 1, ea04a1f5a33c9b7856326e41d62fb672,694760.2963,5327609.101,48.07199187,-90.38537897, 15U,2.41256688,5.29188606,-1, Columnar Joint,79.63062286,8.34551048,278.34552,-2.69737244, Logan Sills, Mon Jul 13 15:38:56 2020, 
2e54ef0926173bd3d75077b0e144cf01, Locality 1, cbec6f0709df762715201eba001c4314,694761.0365,5327612.721,48.07202418,-90.38536739, 15U,2.94874952,5.01292462,-1, Columnar Joint,78.64424896,17.05361557,287.0536194,-2.69737244, Logan Sills, Mon Jul 13 15:38:48 2020, 
2e54ef0926173bd3d75077b0e144cf01, Locality 1, 4fcb22bc0202fdae9958b38983b4603d,694761.0163,5327611.232,48.0720108,-90.38536834, 15U,2.60805953,5.19832305,-1, Columnar Joint,87.09379578,108.9077759,18.90777588,-2.69737244, Logan Sills, Mon Jul 13 15:38:41 2020, 
2e54ef0926173bd3d75077b0e144cf01, Locality 1, dfbed4fa3e40f3fd55936155d3525891,694762.6578,5327606.204,48.07196511,-90.38534862, 15U,13.55777373,12.77303431,-1, Flow Banding,15.77787018,225.167038,135.167038,-2.69737244, Logan Sills, Mon Jul 13 15:38:24 2020, 
2e54ef0926173bd3d75077b0e144cf01, Locality 1, b6dc1e42cd8c1f958c10b31e3bf2b9a8,694761.1591,5327611.938,48.07201711,-90.38536611, 15U,14.66286892,18.54956028,-1, Flow Banding,11.94148445,234.9908295,144.9908295,-2.69737244, Logan Sills, Mon Jul 13 15:38:09 2020, 
2e54ef0926173bd3d75077b0e144cf01, Locality 1, 6b42cca73f54a6c750e975be6e524073,694763.3446,5327605.729,48.07196064,-90.38533963, 15U,19.12837,25.13557889,-1, Columnar Joint,83.64472198,120.8470917,30.84709167,-2.69737244, Logan Sills, Mon Jul 13 15:26:30 2020, 
2e54ef0926173bd3d75077b0e144cf01, Locality 1, 6542ef7063981ae0f8fed292b500c9a9,694768.6688,5327599.695,48.07190478,-90.38527098, 15U,3.23237117,5.13481161,-1, Flow Banding,16.38232422,221.0014343,131.0014343,-2.69737244, Logan Sills, Mon Jul 13 15:22:40 2020, 
2e54ef0926173bd3d75077b0e144cf01, Locality 1, f120b9fef9a54b7106ab47e178cd5695,694772.2192,5327603.443,48.07193738,-90.38522166, 15U,3.42229114,5.89032043,-1, Flow Banding,22.5982666,196.7548676,106.7548676,-2.69737244, Logan Sills, Mon Jul 13 15:22:26 2020, 
2e54ef0926173bd3d75077b0e144cf01, Locality 1, d436a58397fc22231168c3d2e11775d7,694767.9985,5327605.573,48.07195782,-90.38527729, 15U,3.48401515,6.33824732,-1, Flow Banding,14.88648891,191.8873749,101.8873749,-2.69737244, Logan Sills, Mon Jul 13 15:22:13 2020, 
2e54ef0926173bd3d75077b0e144cf01, Locality 1, 3943e03284e60ab69fcbc9d2f5c4775e,694773.0895,5327607.143,48.07197037,-90.3852083, 15U,3.32503562,5.27045133,-1, Columnar Joint,79.06311035,4.76518965,274.7651978,-2.69737244, Logan Sills, Mon Jul 13 15:21:32 2020, 
2e54ef0926173bd3d75077b0e144cf01, Locality 1, a168f1826db5b23467db76f77ad52d30,694770.8115,5327603.624,48.07193944,-90.38524045, 15U,10.78497005,8.38107555,-1, Columnar Joint,81.56319427,95.38938904,5.38938904,-2.69737244, Logan Sills, Mon Jul 13 15:21:01 2020, 
2e54ef0926173bd3d75077b0e144cf01, Locality 1, f2977554a718506d60baf0a5ca8a4924,694763.1779,5327609.42,48.07199386,-90.38534018, 15U,14.12493748,11.83525378,-1, Columnar Joint,72.81855774,9.50638962,279.5064087,-2.69737244, Logan Sills, Mon Jul 13 15:20:53 2020, 
2e54ef0926173bd3d75077b0e144cf01, Locality 1, 52781f56edbeb7f386d2e098868328bf,694760.7853,5327610.079,48.07200051,-90.38537197, 15U,20.72891879,19.40170857,-1, Columnar Joint,79.10558319,2.02736783,272.0273743,-2.69737244, Logan Sills, Mon Jul 13 15:20:39 2020, 
2e54ef0926173bd3d75077b0e144cf01, Locality 1, 7e29c148f3817da390ff37408e868207,694770.8936,5327600.297,48.07190951,-90.38524087, 15U,79.82008238,79.68145154,-1, Columnar Joint,77.56735992,88.47181702,358.4718018,-2.69737244, Logan Sills, Mon Jul 13 15:20:30 2020, 
2e54ef0926173bd3d75077b0e144cf01, Locality 1, 0c0ad9154d99d91d319de7b073811c20,694773.965,5327590.216,48.07181796,-90.38520427, 15U,3.51735687,6.12514746,-1, Columnar Joint,81.24622345,351.0358887,261.0358887,-2.69737244, Logan Sills, Mon Jul 13 15:09:44 2020, 
2e54ef0926173bd3d75077b0e144cf01, Locality 1, f0859ef5b6e27ced160d40fed2993a08,694769.3778,5327591.501,48.07183092,-90.3852652, 15U,3.42594951,5.61913982,-1, Flow Banding,18.78645515,210.4884949,120.4884949,-2.69737244, Logan Sills, Mon Jul 13 15:09:27 2020, 
2e54ef0926173bd3d75077b0e144cf01, Locality 1, 9c724d49b0cdf7b5dac73f5f360f33ce,694772.7334,5327595.469,48.07186556,-90.3852184, 15U,11.62636098,11.25166588,-1, Flow Banding,11.91302109,255.0990753,165.0990753,-2.69737244, Logan Sills, Mon Jul 13 15:09:14 2020, 
2e54ef0926173bd3d75077b0e144cf01, Locality 1, 655170b6ec736a0d03e51a8779c7da03,694772.5897,5327592.385,48.07183788,-90.38522173, 15U,12.11566139,12.76361079,-1, Columnar Joint,83.44430542,3.33106685,273.3310547,-2.69737244, Logan Sills, Mon Jul 13 15:09:03 2020, 
2e54ef0926173bd3d75077b0e144cf01, Locality 1, 4023dc79897b3bdc81c0b39323abb5ca,694772.8429,5327595.879,48.07186921,-90.38521674, 15U,14.85422361,22.90591256,-1, Columnar Joint,82.49751282,90.71452332,0.71452332,-2.69737244, Logan Sills, Mon Jul 13 15:08:56 2020, 
2e54ef0926173bd3d75077b0e144cf01, Locality 1, 74ac2a8b40b76b947759d74256bed124,694776.7348,5327587.722,48.07179471,-90.38516827, 15U,3.29937553,5.65123691,-1, Columnar Joint,80.26790619,97.48003387,7.48003387,-2.69737244, Logan Sills, Mon Jul 13 13:46:46 2020, 
2e54ef0926173bd3d75077b0e144cf01, Locality 1, 082fce56a98cf458c1f39a317f9a7337,694779.8181,5327593.034,48.07184151,-90.3851245, 15U,9.19479978,9.72297795,-1, Flow Banding,9.10035324,165.7174835,75.71748352,-2.69737244, Logan Sills, Mon Jul 13 13:46:32 2020, 
2e54ef0926173bd3d75077b0e144cf01, Locality 1, d14028e1453aabffa59782748f89118d,694778.2175,5327590.59,48.07182003,-90.38514708, 15U,3.55628677,7.75986061,-1, Columnar Joint,82.68732452,99.04988098,9.04988098,-2.69737244, Logan Sills, Mon Jul 13 13:45:17 2020, 
2e54ef0926173bd3d75077b0e144cf01, Locality 1, ca7e8ed09f8565eb7d1a6043fbad34e0,694774.8432,5327594.078,48.07185241,-90.38519074, 15U,7.94551579,11.05922113,-1, Flow Banding,12.25903606,263.1059265,173.1059265,-2.69737244, Logan Sills, Mon Jul 13 13:44:52 2020, 
2e54ef0926173bd3d75077b0e144cf01, Locality 1, 0150ce5c86fef978cfd8ff2f5328837f,694773.2956,5327599.076,48.0718978,-90.38520921, 15U,3.61956627,7.28772631,-1, Flow Banding,15.71345043,191.8670197,101.8670197,-2.69737244, Logan Sills, Mon Jul 13 13:42:31 2020, 
2e54ef0926173bd3d75077b0e144cf01, Locality 1, 14ee87e7ece2358416593306cb3ca5ce,694774.3083,5327602.388,48.07192726,-90.38519412, 15U,3.13047293,5.50882738,-1, Columnar Joint,73.71617126,357.4952087,267.4952087,-2.69737244, Logan Sills, Mon Jul 13 13:42:18 2020, 
2e54ef0926173bd3d75077b0e144cf01, Locality 1, cfdd5926e15ce36b5641d9770fe61f26,694776.893,5327600.058,48.07190553,-90.38516052, 15U,8.93274567,11.87978728,-1, Columnar Joint,83.04676056,77.96812439,347.9681397,-2.69737244, Logan Sills, Mon Jul 13 13:42:07 2020, 
2e54ef0926173bd3d75077b0e144cf01, Locality 1, 476f87cbc649307eded226cb09fff607,694773.1412,5327601.288,48.07191774,-90.38521028, 15U,8.88066621,14.85802411,-1, Columnar Joint,74.04710388,12.63009357,282.6300964,-2.69737244, Logan Sills, Mon Jul 13 13:42:02 2020, 
2e54ef0926173bd3d75077b0e144cf01, Locality 1, 381feac6d0e53f7f04dc414cffdc6988,694775.5199,5327602.671,48.07192944,-90.38517775, 15U,8.93306002,26.14950995,-1, Columnar Joint,78.827034,94.95088196,4.95088196,-2.69737244, Logan Sills, Mon Jul 13 13:41:47 2020, 
2e54ef0926173bd3d75077b0e144cf01, Locality 1, 1f7ab968299532b4534e072337a16eac,694775.2726,5327599.367,48.07189982,-90.38518257, 15U,2.24433327,5.55329822,-1, Flow Banding,4.56474352,187.5823975,97.58239746,-2.69737244, Logan Sills, Mon Jul 13 13:40:50 2020, 
2e54ef0926173bd3d75077b0e144cf01, Locality 1, 28fd96f3e37a3fb7a6273f405db29b6c,694772.0798,5327602.473,48.07192871,-90.38522397, 15U,13.82051389,21.70791479,-1, Columnar Joint,84.31809998,154.5598145,64.55981445,-2.69737244, Logan Sills, Mon Jul 13 13:40:30 2020, 
2e54ef0926173bd3d75077b0e144cf01, Locality 1, 6a82e572a0c4b516c7929d69c8b26335,694773.7807,5327612.531,48.07201859,-90.38519658, 15U,32.51613191,60.45505267,-1, Columnar Joint,80.71747589,142.9649658,52.96496582,-2.69737244, Logan Sills, Mon Jul 13 13:40:22 2020, 
2e54ef0926173bd3d75077b0e144cf01, Locality 1, 49f8b16da632afc15cd58d90e1505eaf,695337.3321,5328072.26,48.07597812,-90.3774291, 15U,10.11216695,13.48047938,-1, Flow Banding,18.66654015,222.684494,132.684494,-2.69737244, Logan Sills, Mon Jul 13 13:07:56 2020, 
2e54ef0926173bd3d75077b0e144cf01, Locality 1, de32831bf97e51f5be726e2bbe1da662,695337.0068,5328073.91,48.07599305,-90.37743271, 15U,8.82596442,12.35064654,-1, Columnar Joint,79.48881531,109.2711105,19.27111053,-2.69737244, Logan Sills, Mon Jul 13 13:07:40 2020, 
2e54ef0926173bd3d75077b0e144cf01, Locality 1, de35a2ca61c4d2d2d2cd66355d096a4c,695333.8015,5328077.412,48.0760255,-90.3774741, 15U,9.0910395,17.20695965,-1, Columnar Joint,69.44621277,64.98771667,334.9877319,-2.69737244, Logan Sills, Mon Jul 13 13:07:33 2020, 
2e54ef0926173bd3d75077b0e144cf01, Locality 1, 47fa907a943cb1a5cd7030188066319c,695343.3659,5328099.959,48.07622522,-90.37733552, 15U,3.28384569,4.96681463,-1, Flow Banding,27.57301521,243.9349823,153.9349823,-2.69737244, Logan Sills, Mon Jul 13 13:05:25 2020, 
2e54ef0926173bd3d75077b0e144cf01, Locality 1, 0ea05fa2d16f045441511539436ec59a,695345.0587,5328101.589,48.07623935,-90.37731207, 15U,3.3121562,4.87996122,-1, Flow Banding,10.02492905,230.2289124,140.2289124,-2.69737244, Logan Sills, Mon Jul 13 13:04:36 2020, 
2e54ef0926173bd3d75077b0e144cf01, Locality 1, 1c8e56132543a12842d3981ca9bcf495,695347.8857,5328102.802,48.07624939,-90.3772736, 15U,2.91439626,5.25163541,-1, Columnar Joint,76.95394897,89.85262299,359.8526306,-2.69737244, Logan Sills, Mon Jul 13 13:04:24 2020, 
2e54ef0926173bd3d75077b0e144cf01, Locality 1, 591d55a41f48e1a1d1f942b27acbe977,695342.1225,5328101.737,48.07624158,-90.37735138, 15U,10.44589503,12.07918226,-1, Columnar Joint,65.23004913,77.77916718,347.7791748,-2.69737244, Logan Sills, Mon Jul 13 13:04:11 2020, 
2e54ef0926173bd3d75077b0e144cf01, Locality 1, eddd5683d8a2fa1ea0ec75e9461c1449,695340.9135,5328100.515,48.07623097,-90.37736816, 15U,13.03972531,15.55565132,-1, Columnar Joint,88.9262619,56.08586502,326.0858765,-2.69737244, Logan Sills, Mon Jul 13 13:04:06 2020, 
2e54ef0926173bd3d75077b0e144cf01, Locality 1, 02acfc3d0abbaba0fa18df08edba3c72,695345.5496,5328111.774,48.07633074,-90.37730083, 15U,9.93438417,12.24311438,-1, Columnar Joint,83.04959106,317.9464417,227.9464417,-2.69737244, Logan Sills, Mon Jul 13 13:00:10 2020, 
2e54ef0926173bd3d75077b0e144cf01, Locality 1, 3307d7718bc094a938b0836a7db034b7,695345.6068,5328112.649,48.07633859,-90.37729967, 15U,10.50948283,11.24138743,-1, Columnar Joint,85.9068222,85.77659607,355.7766113,-2.69737244, Logan Sills, Mon Jul 13 13:00:03 2020, 
2e54ef0926173bd3d75077b0e144cf01, Locality 1, f581f2d860e4b7a764892450d128c5d1,695343.1417,5328118.983,48.07639627,-90.37732983, 15U,7.54577845,8.2893306,-1, Columnar Joint,89,4.05648327,274.056488,-2.69737244, Logan Sills, Mon Jul 13 12:57:11 2020, 
2e54ef0926173bd3d75077b0e144cf01, Locality 1, 86458e230f2ffab19e5b1d9be792f9d8,695344.2782,5328117.673,48.07638415,-90.37731519, 15U,8.87147749,14.29804034,-1, Columnar Joint,78.21156311,106.2270203,16.22702026,-2.69737244, Logan Sills, Mon Jul 13 12:57:06 2020, 
2e54ef0926173bd3d75077b0e144cf01, Locality 1, 5d854f750267f8a58dabdd7a36de32e2,695344.3084,5328113.833,48.07634963,-90.37731654, 15U,9.51978112,15.78997647,-1, Flow Banding,22.58742523,235.4153595,145.4153595,-2.69737244, Logan Sills, Mon Jul 13 12:55:45 2020, 
2e54ef0926173bd3d75077b0e144cf01, Locality 1, 02c76fa23a8f225fb00476d2d9166704,695346.9878,5328101.739,48.07624011,-90.37728613, 15U,3.20958957,4.85005895,-1, Columnar Joint,65.91030884,83.20941925,353.2094116,-2.69737244, Logan Sills, Mon Jul 13 12:54:29 2020, 
2e54ef0926173bd3d75077b0e144cf01, Locality 1, c56081cd80ec607ea0a1bc7861874a03,695346.7152,5328101.924,48.07624185,-90.3772897, 15U,3.1671538,5.16638436,-1, Columnar Joint,87.24391937,139.5551758,49.55517578,-2.69737244, Logan Sills, Mon Jul 13 12:54:25 2020, 
2e54ef0926173bd3d75077b0e144cf01, Locality 1, bbf93e6e0a1f7ef372df64755aedaaa7,695345.2552,5328104.599,48.07626635,-90.37730806, 15U,3.3757517,4.73590937,-1, Flow Banding,21.2804985,234.9985962,144.9985962,-2.69737244, Logan Sills, Mon Jul 13 12:54:01 2020, 
2e54ef0926173bd3d75077b0e144cf01, Locality 1, e8acedfff57b8b642b9bba50dae39956,695338.6395,5328093.681,48.07617024,-90.37740178, 15U,3.65678011,4.67696054,-1, Columnar Joint,85.82781219,29.72926712,299.7292786,-2.69737244, Logan Sills, Mon Jul 13 12:52:07 2020, 
2e54ef0926173bd3d75077b0e144cf01, Locality 1, cec739e5493d1ba0399fe4f0b268575f,695334.8992,5328091.393,48.07615083,-90.37745299, 15U,3.75829555,5.72381371,-1, Columnar Joint,87.18243408,23.22805023,293.2280579,-2.69737244, Logan Sills, Mon Jul 13 12:51:54 2020, 
2e54ef0926173bd3d75077b0e144cf01, Locality 1, f62512124d38f15dac3fcad67991e3b9,695334.982,5328089.862,48.07613704,-90.37745258, 15U,3.37496466,4.84042303,-1, Columnar Joint,84.48483276,107.421051,17.42105103,-2.69737244, Logan Sills, Mon Jul 13 12:51:08 2020, 
2e54ef0926173bd3d75077b0e144cf01, Locality 1, 0a9011a06b66c53188f55606d760dab9,695334.5368,5328087.557,48.07611646,-90.3774596, 15U,3.55575897,5.23462389,-1, Columnar Joint,80.39453888,290.6110535,200.6110535,-2.69737244, Logan Sills, Mon Jul 13 12:51:00 2020, 
2e54ef0926173bd3d75077b0e144cf01, Locality 1, 25327789d8f9458b8515d53eebfc8c5a,695336.6919,5328086.547,48.07610672,-90.37743116, 15U,8.64145145,10.34920432,-1, Flow Banding,15.80766869,206.1023102,116.1023102,-2.69737244, Logan Sills, Mon Jul 13 12:50:30 2020, 
2e54ef0926173bd3d75077b0e144cf01, Locality 1, 2f616abcb91fcff519ad96ae84620988,695335.6215,5328084.673,48.07609021,-90.37744637, 15U,11.3742874,19.1288369,-1, Columnar Joint,80.02335358,71.44872284,341.4487305,-2.69737244, Logan Sills, Mon Jul 13 12:50:13 2020, 
2e54ef0926173bd3d75077b0e144cf01, Locality 1, 71d4055b51b6fda8544e61fac289ef5d,695328.6646,5328093.173,48.07616873,-90.37753579, 15U,10.52257599,30.75446449,-1, Columnar Joint,83.07680511,311.963501,221.963501,-2.69737244, Logan Sills, Mon Jul 13 12:50:05 2020, 
2e54ef0926173bd3d75077b0e144cf01, Locality 1, abb678edb7a7b00d5ec70da703a63f1c,695332.3583,5328082.488,48.07607157,-90.37749113, 15U,2.18498555,7.30767695,-1, Columnar Joint,76.68170166,17.5585041,287.5585022,-2.69737244, Logan Sills, Mon Jul 13 12:48:09 2020, 
2e54ef0926173bd3d75077b0e144cf01, Locality 1, 27799aa6a37b368c7cfef2279a005060,695335.2545,5328082.053,48.07606677,-90.37745249, 15U,2.36283229,8.49392963,-1, Columnar Joint,81.4745636,356.1141052,266.1141052,-2.58199692, Logan Sills, Mon Jul 13 12:47:30 2020, 
2e54ef0926173bd3d75077b0e144cf01, Locality 1, d8561f1e7056f90a47db9ef7abf4d682,695335.5048,5328081.93,48.07606559,-90.37744919, 15U,2.43370157,10.75810771,-1, Columnar Joint,77.32806396,347.4928894,257.4928894,-2.58199692, Logan Sills, Mon Jul 13 12:47:22 2020, 
2e54ef0926173bd3d75077b0e144cf01, Locality 1, ee05018a99747263c0a3e8554e071db3,695338.1236,5328082.677,48.0760715,-90.37741373, 15U,2.26912065,7.26729675,-1, Columnar Joint,79.49542999,30.38045311,300.3804627,-2.58199692, Logan Sills, Mon Jul 13 12:47:16 2020, 
2e54ef0926173bd3d75077b0e144cf01, Locality 1, 1d36d8394e71f1ab5f98ab7237929ef5,695335.9452,5328082.313,48.0760689,-90.37744311, 15U,2.82366199,6.41580271,-1, Columnar Joint,78.42593384,34.22009659,304.2200928,-2.58199692, Logan Sills, Mon Jul 13 12:46:56 2020, 
2e54ef0926173bd3d75077b0e144cf01, Locality 1, c3298877c3766c8a5cc9dba4acc04a93,695337.7261,5328083.142,48.0760758,-90.37741884, 15U,2.79122546,5.8211176,-1, Columnar Joint,78.95555115,35.21038818,305.2103882,-2.58199692, Logan Sills, Mon Jul 13 12:46:44 2020, 
2e54ef0926173bd3d75077b0e144cf01, Locality 1, 3250a46126046a3e68965d42633c232f,695337.8324,5328075.22,48.07600457,-90.37742104, 15U,3.45838542,4.79910484,-1, Flow Banding,12.55534649,187.2272644,97.2272644,-2.58199692, Logan Sills, Mon Jul 13 12:46:06 2020, 
2e54ef0926173bd3d75077b0e144cf01, Locality 1, 6500d2c0f6e36a0c90532b239e3b0d4b,695338.424,5328076.432,48.07601528,-90.37741255, 15U,3.42858121,4.69780458,-1, Flow Banding,13.25806808,203.6290283,113.6290283,-2.58199692, Logan Sills, Mon Jul 13 12:42:53 2020, 
2e54ef0926173bd3d75077b0e144cf01, Locality 1, 0586e6e340b8a570a3adcb8e439c5193,695338.0548,5328076.997,48.07602047,-90.37741725, 15U,3.35724057,4.74904967,-1, Flow Banding,22.4432888,185.685379,95.68537903,-2.58199692, Logan Sills, Mon Jul 13 12:42:45 2020, 
2e54ef0926173bd3d75077b0e144cf01, Locality 1, 76f766b30988a7300efb303aac0d6630,695338.9435,5328074.495,48.07599771,-90.37740647, 15U,3.34093159,4.76053707,-1, Flow Banding,15.22521877,192.8862457,102.8862457,-2.58199692, Logan Sills, Mon Jul 13 12:42:20 2020, 
2e54ef0926173bd3d75077b0e144cf01, Locality 1, 889e063cc272c93fe775c035cd68154e,695338.8388,5328072.889,48.07598331,-90.37740861, 15U,3.31212008,4.99227739,-1, Flow Banding,18.81049156,223.2928162,133.2928162,-2.58199692, Logan Sills, Mon Jul 13 12:42:05 2020, 
2e54ef0926173bd3d75077b0e144cf01, Locality 1, 61fb0e35209001705da60192c07d78e6,695336.3103,5328073.244,48.07598728,-90.37744236, 15U,3.03064265,5.35578637,-1, Columnar Joint,82.75479126,129.9733582,39.97335815,-2.58199692, Logan Sills, Mon Jul 13 12:41:49 2020, 
2e54ef0926173bd3d75077b0e144cf01, Locality 1, b9dcfd2e1b9edc2025f3e546e0bf1ba2,695333.531,5328073.867,48.07599372,-90.37747935, 15U,2.92700242,5.89215016,-1, Columnar Joint,70.30252838,7.75883961,277.7588501,-2.58199692, Logan Sills, Mon Jul 13 12:41:43 2020, 
2e54ef0926173bd3d75077b0e144cf01, Locality 1, c0c86a0452d3d6e66d4ab5192284a222,695338.6044,5328072.395,48.07597894,-90.37741198, 15U,2.23773768,8.5381678,-1, Columnar Joint,57.76810837,67.92312622,337.9231262,-2.58199692, Logan Sills, Mon Jul 13 12:41:38 2020, 
2e54ef0926173bd3d75077b0e144cf01, Locality 1, 340b5a15bb73d74c5a67ea5bf6c2b2db,695337.4827,5328071.602,48.07597216,-90.37742738, 15U,2.29189996,6.58214467,-1, Columnar Joint,73.84037781,95.31756592,5.31756592,-2.58199692, Logan Sills, Mon Jul 13 12:41:33 2020, 
2e54ef0926173bd3d75077b0e144cf01, Locality 1, 4235723d8c7691cb368ed6311c6a1130,695337.2978,5328075.891,48.07601077,-90.3774279, 15U,2.7284626,5.94139664,-1, Columnar Joint,74.5912323,108.2182236,18.21822357,-2.58199692, Logan Sills, Mon Jul 13 12:41:24 2020, 
2e54ef0926173bd3d75077b0e144cf01, Locality 1, 1b57ce0cd575ae5eaa7fdb7af04c2d75,695335.2843,5328075.202,48.07600519,-90.37745522, 15U,3.09871948,5.03236242,-1, Columnar Joint,74.97588348,113.5930405,23.59304047,-2.58199692, Logan Sills, Mon Jul 13 12:41:19 2020, 
2e54ef0926173bd3d75077b0e144cf01, Locality 1, c96e0b034e03f3c1ee5f3bc75f5fa793,695333.3578,5328078.276,48.0760334,-90.37747965, 15U,3.13954794,5.3132343,-1, Columnar Joint,75.95024872,119.644165,29.64416504,-2.58199692, Logan Sills, Mon Jul 13 12:41:09 2020, 
2e54ef0926173bd3d75077b0e144cf01, Locality 1, a54f59b5d3eca32ba6e1c5045c19c224,695334.7251,5328077.713,48.07602793,-90.37746157, 15U,2.98233083,5.52164388,-1, Columnar Joint,62.28423309,48.60870743,318.6087036,-2.58199692, Logan Sills, Mon Jul 13 12:41:03 2020, 
2e54ef0926173bd3d75077b0e144cf01, Locality 1, 33a940ff4d6e46c070720d187f070a57,695346.6608,5328065.961,48.07591864,-90.37730687, 15U,3.74685491,4.44810244,-1, Flow Banding,12.84373569,167.3146362,77.31463623,-2.58199692, Logan Sills, Mon Jul 13 12:38:28 2020, 
2e54ef0926173bd3d75077b0e144cf01, Locality 1, f5e9a19614f6ddfea9c39155dcbe93d6,695340.106,5328065.051,48.07591248,-90.3773952, 15U,10.57642461,9.53224347,-1, Flow Banding,21.54755783,207.7387695,117.7387695,-2.58199692, Logan Sills, Mon Jul 13 12:37:59 2020, 
2e54ef0926173bd3d75077b0e144cf01, Locality 1, cb0b002e071a6575a67ef49b321961e5,691771.7914,5289189.631,47.72757131,-90.44253278, 15T,3.43374969,4.69402813,-1, Bedding,9.8239212,146.6868591,56.68685913,-2.58199692, Cutface Creek sandstone, Sun Jul 12 18:11:11 2020, 
2e54ef0926173bd3d75077b0e144cf01, Locality 1, 9a8bfa62d2c75dc3f978828456b765bd,691767.0422,5289191.232,47.72758711,-90.44259535, 15T,3.43951219,4.68980734,-1, Bedding,11.81748009,146.5069275,56.50692749,-2.58199692, Cutface Creek sandstone, Sun Jul 12 18:10:40 2020, 
2e54ef0926173bd3d75077b0e144cf01, Locality 1, 6edd1d856480a1a6a83a8632f358d3bc,691767.183,5289190.701,47.72758229,-90.4425937, 15T,14.85828039,16.19160583,-1, Bedding,6.73415518,177.5806427,87.5806427,-2.58199692, Cutface Creek sandstone, Sun Jul 12 18:09:59 2020, 
2e54ef0926173bd3d75077b0e144cf01, Locality 1, eb2d06c4266be4446eafeeed1c0ee0b0,691757.3123,5289151.396,47.72723193,-90.44274251, 15T,3.47526029,4.66337892,-1, Bedding,10.03072834,190.2201538,100.2201538,-2.58199692, Cutface Creek sandstone, Sun Jul 12 12:37:26 2020, 
2e54ef0926173bd3d75077b0e144cf01, Locality 1, fa3fe79284502f7f46203b579138acf1,691761.5615,5289179.05,47.72747924,-90.44267372, 15T,3.46268282,4.67272562,-1, Bedding,8.42308331,169.5959625,79.59596252,-2.58199692, Cutface Creek sandstone, Sun Jul 12 12:35:21 2020, 
2e54ef0926173bd3d75077b0e144cf01, Locality 1, 5be0558bc2570429b8df3054a22029e8,691766.1104,5289177.577,47.72746465,-90.44261377, 15T,3.50666072,4.73966081,-1, Bedding,11.17054081,147.1335907,57.1335907,-2.58199692, Cutface Creek sandstone, Sun Jul 12 12:34:56 2020, 
2e54ef0926173bd3d75077b0e144cf01, Locality 1, a1ac4f78b4cf47bc6057a346b59f3f49,691760.2207,5289195.842,47.72763057,-90.44268419, 15T,3.58875958,4.5766081,-1, Bedding,10.99884987,146.8353424,56.83534241,-2.58199692, Cutface Creek sandstone, Sun Jul 12 12:30:30 2020, 
2e54ef0926173bd3d75077b0e144cf01, Locality 1, 9b5a9beaea8d105d27a0c8f72f1bb888,691758.135,5289194.806,47.72762187,-90.44271244, 15T,3.54633045,4.60956369,-1, Bedding,11.66170406,149.2557526,59.25575256,-2.58199692, Cutface Creek sandstone, Sun Jul 12 12:29:40 2020, 
2e54ef0926173bd3d75077b0e144cf01, Locality 1, 78d665eed1635e381e594170d03a7a37,691756.7999,5289217.314,47.72782459,-90.44272031, 15T,3.46279408,4.67264317,-1, Bedding,9.59372711,170.1419373,80.14193726,-2.58199692, Cutface Creek sandstone, Sun Jul 12 12:26:40 2020, 
2e54ef0926173bd3d75077b0e144cf01, Locality 1, 7da9dd8f5473f50af63d87b5a1fe58a8,691763.3524,5289230.421,47.72794045,-90.44262725, 15T,3.46241533,4.67292383,-1, Bedding,7.91726732,167.1818085,77.18180847,-2.58199692, Cutface Creek sandstone, Sun Jul 12 12:25:28 2020, 
2e54ef0926173bd3d75077b0e144cf01, Locality 1, f90b476ac4dc73480c9f73f12d42883e,691808.5356,5289468.417,47.7300663,-90.44192048, 15T,3.72693671,5.63524771,-1, Bedding,9.59704208,153.3051148,63.30511475,-2.58199692, Cutface Creek sandstone, Sun Jul 12 12:03:38 2020, 
2e54ef0926173bd3d75077b0e144cf01, Locality 1, eb80f9d157d5381357a95fde2cb2b53d,691783.4351,5289328.934,47.72881999,-90.44231632, 15T,9.12830081,8.94087259,-1, Bedding,13.16544819,178.5630341,88.56303406,-2.58199692, Cutface Creek sandstone, Sun Jul 12 11:40:42 2020, 
2e54ef0926173bd3d75077b0e144cf01, Locality 1, bf2edc0d8813c9a8ec6f8d6d5a2e8f47,691776.2787,5289321.351,47.72875396,-90.442415, 15T,3.44675925,4.68448372,-1, Bedding,9.21060371,191.6940613,101.6940613,-2.58199692, Cutface Creek sandstone, Sun Jul 12 11:39:18 2020, 
2e54ef0926173bd3d75077b0e144cf01, Locality 1, f2cbe3ae93edebfe81d4e4db904c3207,691774.6048,5289342.45,47.7289441,-90.44242801, 15T,3.38374076,4.7302046,-1, Bedding,9.5203228,158.7030945,68.70309448,-2.58199692, Cutface Creek sandstone, Sun Jul 12 11:37:45 2020, 
2e54ef0926173bd3d75077b0e144cf01, Locality 1, 7e55f45f283411472e997134c2af9294,691751.711,5289112.327,47.72688241,-90.44283433, 15T,8.77676257,9.12808826,-1, Fault,46.23065186,356.4179993,266.4179993,-2.58199692, Cutface Creek sandstone, Sat Jul 11 19:01:05 2020, 
2e54ef0926173bd3d75077b0e144cf01, Locality 1, d0a99c574ceb8e84a59abdb383d1530e,691875.5962,5289507.085,47.73039394,-90.44101, 15T,3.31111008,4.78132692,-1, Bedding,8.46681118,166.2895203,76.28952026,-2.58199692, Cutface Creek sandstone, Sat Jul 11 16:41:31 2020, 
2e54ef0926173bd3d75077b0e144cf01, Locality 1, bcc120d3c8154fda471db9c3fd3218ca,691879.0918,5289504.663,47.73037112,-90.4409645, 15T,12.7502212,8.00040794,-1, Bedding,10.31413746,167.2794647,77.27946472,-2.58199692, Cutface Creek sandstone, Sat Jul 11 16:41:16 2020, 
2e54ef0926173bd3d75077b0e144cf01, Locality 1, 39cab6ed93e96cda7d4353fafa3c591d,691761.3759,5289498.513,47.73035083,-90.44253553, 15T,3.62030477,4.90162821,-1, Bedding,11.10081291,162.9727325,72.97273254,-2.58199692, Cutface Creek sandstone, Fri Jul 10 17:20:36 2020, 
2e54ef0926173bd3d75077b0e144cf01, Locality 1, 5c34c6dacab19489ec71038fe7cd5505,691756.9989,5289493.769,47.73030948,-90.44259593, 15T,3.49192032,5.10061927,-1, Bedding,12.49996948,175.6152344,85.61523438,-2.58199692, Cutface Creek sandstone, Fri Jul 10 17:20:02 2020, 
2e54ef0926173bd3d75077b0e144cf01, Locality 1, d98e7fbeff2769330d81cc4d09638c54,691758.9302,5289497.502,47.73034247,-90.44256856, 15T,3.61550638,6.33832163,-1, Bedding,10.75238228,173.2899323,83.28993225,-2.58199692, Cutface Creek sandstone, Fri Jul 10 17:19:48 2020, 
2e54ef0926173bd3d75077b0e144cf01, Locality 1, 3f51af2e6da611dc845579c181ab137c,691766.4769,5289495.316,47.73032058,-90.44246898, 15T,3.56739785,4.92912711,-1, Bedding,10.90671635,181.7946167,91.7946167,-2.58199692, Cutface Creek sandstone, Fri Jul 10 17:19:35 2020, 
2e54ef0926173bd3d75077b0e144cf01, Locality 1, 7ad0f2303dbf942f9b129dd543683ed0,691768.603,5289568.428,47.73097712,-90.44240846, 15T,25.08294868,2221.987024,-1, Bedding,8.62191296,174.670639,84.67063904,-2.58199692, Cutface Creek sandstone, Fri Jul 10 16:09:04 2020, 
2e54ef0926173bd3d75077b0e144cf01, Locality 1, 938d3ed15916bde2dc66d5ed9c31f94a,691772.5685,5289569.746,47.73098779,-90.44235504, 15T,4.02647491,6.17846544,-1, Bedding,7.68515873,168.6689453,78.66894531,-2.58199692, Cutface Creek sandstone, Fri Jul 10 16:07:18 2020, 
2e54ef0926173bd3d75077b0e144cf01, Locality 1, 96f719417f686629cad28417a9babfe5,691771.0015,5289567.063,47.73096414,-90.4423771, 15T,3.95548086,8.55004244,-1, Bedding,8.82866096,153.4777832,63.4777832,-2.58199692, Cutface Creek sandstone, Fri Jul 10 16:07:10 2020, 
2e54ef0926173bd3d75077b0e144cf01, Locality 1, 046e014ad9d99c55a155d054ea191b0c,691768.826,5289566.193,47.73095697,-90.44240647, 15T,3.37548982,4.82915683,-1, Bedding,9.057127,168.1982727,78.19827271,-2.58199692, Cutface Creek sandstone, Fri Jul 10 16:06:56 2020, 
2e54ef0926173bd3d75077b0e144cf01, Locality 1, a03cf6547ae10ed76042fd2a0ff4c57f,691771.3376,5289573.706,47.73102376,-90.4423697, 15T,3.19291876,4.86104997,-1, Bedding,13.87564182,172.3049927,82.30499268,-2.58199692, Cutface Creek sandstone, Fri Jul 10 15:52:14 2020, 
2e54ef0926173bd3d75077b0e144cf01, Locality 1, 41d2a5af464a87a939f1c301f840caa5,691771.8371,5289568.408,47.73097598,-90.44236538, 15T,3.29972613,4.78919038,-1, Bedding,12.24603271,172.9094391,82.90943909,-2.58199692, Cutface Creek sandstone, Fri Jul 10 15:52:05 2020, 
2e54ef0926173bd3d75077b0e144cf01, Locality 1, 0db7d588917531ef92fe5b1eeddab0e4,691770.9791,5289566.425,47.73095841,-90.44237768, 15T,18.68769088,8.65701392,-1, Bedding,16.24070168,169.7589569,79.75895691,-2.58199692, Cutface Creek sandstone, Fri Jul 10 15:51:52 2020, 
2e54ef0926173bd3d75077b0e144cf01, Locality 1, e9f46e58b5f4d600dddb8edc5726badb,691769.5892,5289567.449,47.73096803,-90.44239575, 15T,21.54913938,11.90436668,-1, Bedding,10.95558167,163.8950653,73.89506531,-2.58199692, Cutface Creek sandstone, Fri Jul 10 15:51:41 2020, 
2e54ef0926173bd3d75077b0e144cf01, Locality 1, cef664f74fcedbc290efece1de2eff41,691772.5472,5289564.183,47.73093779,-90.44235777, 15T,21.81132509,12.53106821,-1, Bedding,14.3884306,169.9825897,79.98258972,-2.58199692, Cutface Creek sandstone, Fri Jul 10 15:51:34 2020, 
2e54ef0926173bd3d75077b0e144cf01, Locality 1, 9d214bc75441c80e3a9071b65d2ac685,691789.6504,5289416.215,47.72960269,-90.44219507, 15T,3.38576484,4.72875602,-1, Bedding,10.15032005,172.076355,82.07635498,-2.58199692, Cutface Creek sandstone, Fri Jul 10 13:51:45 2020, 
2e54ef0926173bd3d75077b0e144cf01, Locality 1, 91788a331824201db41fb6c4d4812b75,691786.7227,5289412.35,47.72956881,-90.44223578, 15T,8.38799602,11.20782424,-1, Bedding,9.60103703,171.920929,81.92092896,-2.58199692, Cutface Creek sandstone, Fri Jul 10 13:51:03 2020, 
2e54ef0926173bd3d75077b0e144cf01, Locality 1, b9f0da056c83a5e21abb0d76a6ff6fe5,691773.6129,5289319.492,47.72873804,-90.44245133, 15T,3.43170664,5.14181249,-1, Bedding,9.9037199,156.2251129,66.22511292,-2.58199692, Cutface Creek sandstone, Fri Jul 10 13:48:42 2020, 
2e54ef0926173bd3d75077b0e144cf01, Locality 1, eeb0fe4887916e21808407284ecd03ff,691770.2626,5289316.842,47.72871521,-90.44249713, 15T,3.40737867,4.91883588,-1, Bedding,11.55444622,154.6900024,64.69000244,-2.58199692, Cutface Creek sandstone, Fri Jul 10 13:48:15 2020, 
2e54ef0926173bd3d75077b0e144cf01, Locality 1, 5f732b0f0d66648ddf80a5d9778c8170,691754.2124,5289152.913,47.72724648,-90.44278314, 15T,3.4975116,4.8015352,-1, Bedding,7.98424244,162.4087524,72.40875244,-2.58199692, Cutface Creek sandstone, Fri Jul 10 12:37:16 2020, 
2e54ef0926173bd3d75077b0e144cf01, Locality 1, 6f12a2b876eb2eca2bf41cc643fa8713,691754.2124,5289152.913,47.72724648,-90.44278314, 15T,3.4975116,4.8015352,-1, Bedding,10.97744846,165.629364,75.62936401,-2.58199692, Cutface Creek sandstone, Fri Jul 10 12:37:00 2020, 
2e54ef0926173bd3d75077b0e144cf01, Locality 1, d0cc350b5d54c3c24c7d466b0ee69550,691751.6009,5289151.34,47.72723312,-90.44281862, 15T,3.52800849,4.62360175,-1, Bedding,10.38710499,161.8217316,71.82173157,-2.58199692, Cutface Creek sandstone, Fri Jul 10 12:35:42 2020, 
2e54ef0926173bd3d75077b0e144cf01, Locality 1, 68f0ee271121c53c651f2d39868ebf0b,691756.3502,5289149.562,47.72721572,-90.44275613, 15T,3.4985739,4.64591409,-1, Bedding,8.12339878,158.9359436,68.9359436,-2.58199692, Cutface Creek sandstone, Fri Jul 10 12:35:30 2020, 
2e54ef0926173bd3d75077b0e144cf01, Locality 1, 348626d91907f65ac705cbd908bbe146,691756.6298,5289142.012,47.72714778,-90.44275573, 15T,3.41235122,5.3661501,-1, Bedding,10.45114613,157.3501129,67.35011292,-2.58199692, Cutface Creek sandstone, Fri Jul 10 12:35:07 2020, 
2e54ef0926173bd3d75077b0e144cf01, Locality 1, 59311c4abdee1127046f8f27b710c946,691756.0698,5289143.749,47.72716356,-90.44276243, 15T,3.49822096,4.78077047,-1, Bedding,9.4148283,157.6762848,67.67628479,-2.58199692, Cutface Creek sandstone, Fri Jul 10 12:34:51 2020, 
2e54ef0926173bd3d75077b0e144cf01, Locality 1, 744417b33ae4833ce8790d7a66c8421c,691795.8756,5289499.622,47.73035055,-90.4420754, 15T,8.74403522,6.14945409,-1, Bedding,10.01535988,169.013794,79.01379395,-2.58199692, Cutface Creek sandstone, Fri Jul 10 11:27:06 2020, This bedding measurement is exactly the same as one taken with a brunton by Blake and I. Nice consistency! Wavy-lamination fine-grained sandstone. 
2e54ef0926173bd3d75077b0e144cf01, Locality 1, 0c60610223c0fe5dc7604142ed679509,691795.7928,5289506.187,47.73040958,-90.44207362, 15T,9.82737842,6.77420942,-1, Bedding,9.79356098,171.5058441,81.50584412,-2.58199692, Cutface Creek sandstone, Fri Jul 10 11:22:54 2020, 
2e54ef0926173bd3d75077b0e144cf01, Locality 1, 5e99ac3f9438c5a6e307b526cb1d8611,691794.852,5289507.683,47.73042331,-90.44208549, 15T,11.81657706,16.14436415,-1, Bedding,8.63517189,182.1268311,92.12683105,-2.58199692, Cutface Creek sandstone, Fri Jul 10 11:22:26 2020, 
2e54ef0926173bd3d75077b0e144cf01, Locality 1, 95e6240e8a3ce7a588d62563f58fb99b,691801.8389,5289503.273,47.73038159,-90.44199435, 15T,16.23948379,11.38084416,-1, Bedding,8.94793606,176.8642883,86.86428833,-2.58199692, Cutface Creek sandstone, Fri Jul 10 11:21:33 2020, 
2e54ef0926173bd3d75077b0e144cf01, Locality 1, c8bd7994eff51c21a185693e4c9251ac,691941.2088,5289620.185,47.73139104,-90.44008599, 15T,3.20820307,4.8509762,-1, Bedding,6.09366798,185.3458557,95.34585571,-2.58199692, Cutface Creek sandstone, Fri Jul 10 11:17:40 2020, 
2e54ef0926173bd3d75077b0e144cf01, Locality 1, 337ceaab25a5fe785af2e199cba8e2bf,692373.7006,5289804.708,47.73292088,-90.43424231, 15T,3.4118696,4.70995572,-1, Bedding,11.23743629,198.6500244,108.6500244,-2.58199692, Good Harbor Bay andesite, Fri Jul 10 10:43:39 2020, 
2e54ef0926173bd3d75077b0e144cf01, Locality 1, d508b0edd33bd2e7f189cce4dad79502,692370.0209,5289816.033,47.73302377,-90.43428633, 15T,21.74592694,13.61486927,-1, Bedding,7.83231401,208.0161133,118.0161133,-2.58199692, Good Harbor Bay andesite, Fri Jul 10 10:37:30 2020, Coarse-grained interflow sandstone
2e54ef0926173bd3d75077b0e144cf01, Locality 1, dc21069405346821c1f2b29735f6d697,692372.602,5289805.94,47.73293228,-90.4342564, 15T,8.42890682,12.20332061,-1, Bedding,9.9380188,198.938385,108.938385,-2.58199692, Good Harbor Bay andesite, Fri Jul 10 10:31:46 2020, Inter flow sandstone 
2e54ef0926173bd3d75077b0e144cf01, Locality 1, f9941bc7d28366e14b01873ad685e309,692383.9812,5289812.094,47.73298421,-90.43410207, 15T,3.31558902,4.77822211,-1, Bedding,7.10585833,203.8162384,113.8162384,-2.58199692, Good Harbor Bay andesite, Fri Jul 10 10:30:08 2020, Inter flow sandstone 
2e54ef0926173bd3d75077b0e144cf01, Locality 1, 2c95e55d8592d09f61962475d20b3334,692380.7926,5289810.582,47.73297157,-90.43414522, 15T,9.2193078,7.79588299,-1, Bedding,14.65479088,156.9710388,66.97103882,-2.58199692, Good Harbor Bay andesite, Fri Jul 10 10:25:06 2020, Inter flow sandstone 
7b8d8b4641f267367c63dbb2886a5476, Locality 1, 5c38d0b8b32103a0bbff69435e008e87,691735.7038,5289018.363,47.726043,-90.443089, 15T,212.527161,5,3, Joint,56,356,266,-2.67, Terrace Point basalt, Tue Jul 21 07:41:32 2020, 
7b8d8b4641f267367c63dbb2886a5476, Locality 1, 8f90430dd0b3e4294c21e3a461165804,691735.4313,5289017.85,47.726038,-90.443093, 15T,212.093811,5,3, Joint,79,80,350,-2.67, Terrace Point basalt, Tue Jul 21 07:41:27 2020, 
7b8d8b4641f267367c63dbb2886a5476, Locality 1, 934cd96026d018fa60f0b59840ea68a1,691735.4313,5289017.85,47.726038,-90.443093, 15T,212.093811,5,3, Joint,76,76,346,-2.67, Terrace Point basalt, Tue Jul 21 07:41:24 2020, 
7b8d8b4641f267367c63dbb2886a5476, Locality 1, d85f95f20b820ffcd28e5cc5600f5fec,691737.2205,5289015.876,47.72602,-90.44307, 15T,212.887024,5,3, Joint,61,338,248,-2.67, Terrace Point basalt, Tue Jul 21 07:40:13 2020, 
7b8d8b4641f267367c63dbb2886a5476, Locality 1, 86cf9027cd68f3e378637a107e0bbfe3,691735.2615,5289016.325,47.726024,-90.443096, 15T,212.404785,5,3, Joint,76,99,9,-2.67, Terrace Point basalt, Tue Jul 21 07:39:47 2020, 
7b8d8b4641f267367c63dbb2886a5476, Locality 1, ea405297ab16b62e7baa83540d270359,691735.3835,5289016.249,47.726024,-90.443094, 15T,212.611267,5,3, Joint,58,334,244,-2.67, Terrace Point basalt, Tue Jul 21 07:39:42 2020, 
7b8d8b4641f267367c63dbb2886a5476, Locality 1, 7eff34ded25fd4d6e84411b8a17229f8,691734.748,5289016.252,47.726024,-90.443103, 15T,213.257202,5,4, Joint,61,82,352,-2.67, Terrace Point basalt, Tue Jul 21 07:39:35 2020, 
7b8d8b4641f267367c63dbb2886a5476, Locality 1, fceb6f5d974b7fa9176daa653590d88f,691735.0659,5289016.724,47.726028,-90.443098, 15T,213.870422,5,3, Joint,84,284,194,-2.67, Terrace Point basalt, Tue Jul 21 07:39:28 2020, 
7b8d8b4641f267367c63dbb2886a5476, Locality 1, 1c0120d84e33071636665b8fd9206405,691735.5437,5289016.352,47.726025,-90.443092, 15T,217.503601,5,3, Joint,73,324,234,-2.67, Terrace Point basalt, Tue Jul 21 07:39:08 2020, 
7b8d8b4641f267367c63dbb2886a5476, Locality 1, fbb5509509bce644b7f1771c070478a3,691737.0554,5289014.971,47.726012,-90.443072, 15T,218.607178,5,3, Joint,78,92,2,-2.67, Terrace Point basalt, Tue Jul 21 07:39:02 2020, 
7b8d8b4641f267367c63dbb2886a5476, Locality 1, 575b643c5b105aceeae1d3035bd3daff,691735.6582,5289015.363,47.726016,-90.443091, 15T,219.98877,5,4, Joint,50,74,344,-2.67, Terrace Point basalt, Tue Jul 21 07:38:57 2020, 
7b8d8b4641f267367c63dbb2886a5476, Locality 1, 64ed376413438504ca98a44d4ffafe4b,691735.6582,5289015.363,47.726016,-90.443091, 15T,219.98877,5,4, Joint,79,95,5,-2.67, Terrace Point basalt, Tue Jul 21 07:38:56 2020, 
7b8d8b4641f267367c63dbb2886a5476, Locality 1, 246802bd0415b6193ddb83b4702ce765,691750.3692,5289010.963,47.725972,-90.442897, 15T,207.630493,10,8, Fault,48,226,136,-2.67, Terrace Point basalt, Tue Jul 21 07:35:48 2020, 
7b8d8b4641f267367c63dbb2886a5476, Locality 1, 39f0683f159dfad06c5d139e43b3c8cf,691732.3284,5289016.74,47.726029,-90.443135, 15T,210.784546,5,4, Fault,59,236,146,-2.67, Terrace Point basalt, Tue Jul 21 07:34:54 2020, 
7b8d8b4641f267367c63dbb2886a5476, Locality 1, a49e5c9014da75532bd9150cea15758c,691735.8091,5289013.652,47.726,-90.44309, 15T,215.999451,5,3, Fault,50,200,110,-2.67, Terrace Point basalt, Tue Jul 21 07:34:36 2020, 
7b8d8b4641f267367c63dbb2886a5476, Locality 1, 1a8632b07c5781dfaf16cdb44f1bc313,691735.8091,5289013.652,47.726,-90.44309, 15T,215.999451,5,3, Fault,42,206,116,-2.67, Terrace Point basalt, Tue Jul 21 07:34:29 2020, 
7b8d8b4641f267367c63dbb2886a5476, Locality 1, c43f1dda74c8a73aafd18f47799472cf,691665.8306,5288886.619,47.724879,-90.444078, 15T,208.702637,5,6, Bedding,4,269,179,-2.67, Terrace Point basalt, Tue Jul 21 07:18:02 2020, 
7b8d8b4641f267367c63dbb2886a5476, Locality 1, 0b58cc839e5a0ac55e187f3967146408,691663.0414,5288888.201,47.724894,-90.444114, 15T,207.3349,50,48, Bedding,5,197,107,-2.67, Terrace Point basalt, Tue Jul 21 07:17:27 2020, 
7b8d8b4641f267367c63dbb2886a5476, Locality 1, cf2d75972b43914f440b763fd5617029,691660.5137,5288889.866,47.72491,-90.444147, 15T,205.689209,100,64, Bedding,7,222,132,-2.67, Terrace Point basalt, Tue Jul 21 07:17:19 2020, 
7b8d8b4641f267367c63dbb2886a5476, Locality 1, 199d5289b4f810b9c70fc7571ac95714,692369.5168,5289804.051,47.732916,-90.434298, 15T,191.758911,5,3, Bedding,10,177,87,-2.67, Good Harbor Bay andesite, Fri Jul 10 07:45:31 2020, 
7b8d8b4641f267367c63dbb2886a5476, Locality 1, 81be66f90269e2f9fccd50348cdff71b,692370.2663,5289804.024,47.732916,-90.434288, 15T,192.233521,5,3, Bedding,6,164,74,-2.67, Good Harbor Bay andesite, Fri Jul 10 07:45:17 2020, 
7b8d8b4641f267367c63dbb2886a5476, Locality 1, d6303a28cd3bf3d2ec1e3f8fde0a261c,692371.6641,5289804.178,47.732917,-90.43427, 15T,192.027344,5,3, Bedding,7,191,101,-2.67, Good Harbor Bay andesite, Fri Jul 10 07:45:04 2020, 
7b8d8b4641f267367c63dbb2886a5476, Locality 1, 904d024027f74d560b0c8d7861d24b0e,692371.3154,5289804.451,47.732919,-90.434274, 15T,192.093384,5,3, Bedding,6,215,125,-2.67, Good Harbor Bay andesite, Fri Jul 10 07:44:56 2020, 
7b8d8b4641f267367c63dbb2886a5476, Locality 1, 478a9fbe1dd3fbbb3b942e51ae8136fc,692372.3906,5289806.743,47.73294,-90.434259, 15T,193.017334,5,3, Bedding,9,217,127,-2.67, Good Harbor Bay andesite, Fri Jul 10 07:44:37 2020, 
744b895ef0ee869a51869c5ce317c69b, Locality 1, 40fe70101d726df5b49ebb94246a490f,691740.4673,5289038.718,47.726224,-90.443017, 15T,212.603455,5,3, Joint,82,277,187,-2.666, Terrace Point basalt, Tue Jul 21 07:47:41 2020,
744b895ef0ee869a51869c5ce317c69b, Locality 1, 9b5c3b4d8339c64b14d9b410e8891b60,691740.0163,5289038.656,47.726224,-90.443023, 15T,211.841064,5,3, Joint,87,136,46,-2.666, Terrace Point basalt, Tue Jul 21 07:47:38 2020,
744b895ef0ee869a51869c5ce317c69b, Locality 1, fa83cef092b6644f99e5c6812634f8fa,691739.1263,5289039.695,47.726233,-90.443034, 15T,211.940308,5,3, Joint,77,117,27,-2.666, Terrace Point basalt, Tue Jul 21 07:47:30 2020,
744b895ef0ee869a51869c5ce317c69b, Locality 1, ecce41a7b64493d6e23b93c1a0c2b75f,691737.1059,5289041.624,47.726251,-90.44306, 15T,213.167419,5,3, Joint,86,36,306,-2.666, Terrace Point basalt, Tue Jul 21 07:47:15 2020,
744b895ef0ee869a51869c5ce317c69b, Locality 1, ba4024b7bae9ff2a162138108fbc9a39,691740.4054,5289041.164,47.726246,-90.443016, 15T,212.891846,5,3, Joint,82,67,337,-2.666, Terrace Point basalt, Tue Jul 21 07:47:05 2020,
744b895ef0ee869a51869c5ce317c69b, Locality 1, 15b2cc7aa2d5c48866832703a39a70f5,691740.4054,5289041.164,47.726246,-90.443016, 15T,212.891846,5,3, Joint,84,307,217,-2.666, Terrace Point basalt, Tue Jul 21 07:47:00 2020,
744b895ef0ee869a51869c5ce317c69b, Locality 1, ec68ed53056d5c1cda362e15a7716a30,691741.3727,5289039.881,47.726234,-90.443004, 15T,214.066406,5,3, Joint,84,327,237,-2.666, Terrace Point basalt, Tue Jul 21 07:46:55 2020,
744b895ef0ee869a51869c5ce317c69b, Locality 1, ec2bc59f4fc6c3851b745a2f1e861752,691742.7127,5289042.741,47.72626,-90.442985, 15T,213.276245,5,3, Joint,74,246,156,-2.666, Terrace Point basalt, Tue Jul 21 07:46:43 2020,
744b895ef0ee869a51869c5ce317c69b, Locality 1, e60f21d59fdabfdf9b3285f891234293,691742.7127,5289042.741,47.72626,-90.442985, 15T,213.276245,5,3, Joint,72,250,160,-2.666, Terrace Point basalt, Tue Jul 21 07:46:40 2020,
744b895ef0ee869a51869c5ce317c69b, Locality 1, e42bf3b7bb98851754c8802d9700827e,691741.4122,5289042.493,47.726258,-90.443002, 15T,212.948425,5,3, Joint,88,180,90,-2.666, Terrace Point basalt, Tue Jul 21 07:46:32 2020,
744b895ef0ee869a51869c5ce317c69b, Locality 1, 0bb7c2ead7bfd7f05b5cb5833e433d65,691741.3616,5289042.31,47.726256,-90.443003, 15T,213.364624,5,3, Joint,89,117,27,-2.666, Terrace Point basalt, Tue Jul 21 07:46:25 2020,
744b895ef0ee869a51869c5ce317c69b, Locality 1, b4c50089fee72de364e230ed47e3275d,691741.7873,5289047.895,47.726306,-90.442995, 15T,215.139648,5,3, Joint,87,70,340,-2.666, Terrace Point basalt, Tue Jul 21 07:46:06 2020,
744b895ef0ee869a51869c5ce317c69b, Locality 1, 2b901813a828565d86156fbd138493e6,691741.7873,5289047.895,47.726306,-90.442995, 15T,215.139648,5,3, Joint,85,275,185,-2.666, Terrace Point basalt, Tue Jul 21 07:46:02 2020,
744b895ef0ee869a51869c5ce317c69b, Locality 1, a8c6ffd70d67924641a2dc28b6213a9e,691741.7873,5289047.895,47.726306,-90.442995, 15T,215.139648,5,3, Joint,84,30,300,-2.666, Terrace Point basalt, Tue Jul 21 07:45:54 2020,
744b895ef0ee869a51869c5ce317c69b, Locality 1, ca9a5c0f7de90fadc99fcf72e5f0ffe9,691741.7873,5289047.895,47.726306,-90.442995, 15T,215.139648,5,3, Joint,86,244,154,-2.666, Terrace Point basalt, Tue Jul 21 07:45:50 2020,
744b895ef0ee869a51869c5ce317c69b, Locality 1, cffdfc5cd138c294f8882a3fb0e62830,691742.6917,5289046.424,47.726293,-90.442983, 15T,212.842896,5,3, Joint,78,351,261,-2.666, Terrace Point basalt, Tue Jul 21 07:45:44 2020,
744b895ef0ee869a51869c5ce317c69b, Locality 1, d2196368667eddede4abb3e417e8fe11,691742.6917,5289046.424,47.726293,-90.442983, 15T,212.842896,5,3, Joint,82,317,227,-2.666, Terrace Point basalt, Tue Jul 21 07:45:41 2020,
744b895ef0ee869a51869c5ce317c69b, Locality 1, 65798aa96f7a6ff61ce3be0dd28910bd,691742.3396,5289046.035,47.726289,-90.442988, 15T,213.400818,5,3, Joint,87,93,3,-2.666, Terrace Point basalt, Tue Jul 21 07:45:32 2020,
744b895ef0ee869a51869c5ce317c69b, Locality 1, 10810a35d8a2d34200f8c2d8e4433577,691742.3396,5289046.035,47.726289,-90.442988, 15T,213.400818,5,3, Joint,74,329,239,-2.666, Terrace Point basalt, Tue Jul 21 07:45:28 2020,
744b895ef0ee869a51869c5ce317c69b, Locality 1, 2f22ba76656adff3aca9b5974056a25b,691742.3396,5289046.035,47.726289,-90.442988, 15T,213.400818,5,3, Joint,87,218,128,-2.666, Terrace Point basalt, Tue Jul 21 07:45:21 2020,
744b895ef0ee869a51869c5ce317c69b, Locality 1, a9a693c65b62d9b50c2165f9eb1c116c,691742.3396,5289046.035,47.726289,-90.442988, 15T,213.400818,5,3, Joint,88,272,182,-2.666, Terrace Point basalt, Tue Jul 21 07:45:16 2020,
744b895ef0ee869a51869c5ce317c69b, Locality 1, 780e9fb7953cd6f031e9c4afc2c6df1a,691743.2301,5289043.267,47.726264,-90.442978, 15T,212.901428,5,3, Joint,86,345,255,-2.666, Terrace Point basalt, Tue Jul 21 07:45:06 2020,
744b895ef0ee869a51869c5ce317c69b, Locality 1, 1201895dee5f0548236e8f78617dd2bc,691744.1243,5289044.005,47.726271,-90.442965, 15T,213.079468,5,3, Joint,86,290,200,-2.666, Terrace Point basalt, Tue Jul 21 07:44:56 2020,
744b895ef0ee869a51869c5ce317c69b, Locality 1, efd3f524dbfb21f6a6644fe27a8ee07c,691744.5104,5289043.747,47.726268,-90.44296, 15T,213.293579,5,3, Joint,81,143,53,-2.666, Terrace Point basalt, Tue Jul 21 07:44:47 2020,
744b895ef0ee869a51869c5ce317c69b, Locality 1, 53319350baa5b22064f5e05af2eae03c,691743.4549,5289043.889,47.72627,-90.442974, 15T,213.222351,5,3, Joint,83,30,300,-2.666, Terrace Point basalt, Tue Jul 21 07:44:36 2020,
744b895ef0ee869a51869c5ce317c69b, Locality 1, cab74d1a5fdf3ab2dda238cce1b9d3de,691738.0743,5289014.599,47.726008,-90.443059, 15T,216.196899,5,3, Fault,49,218,128,-2.666, Terrace Point basalt, Tue Jul 21 07:32:50 2020,
744b895ef0ee869a51869c5ce317c69b, Locality 1, 07be9a289ce8e79a13d8c7d225d2d483,691738.0743,5289014.599,47.726008,-90.443059, 15T,216.196899,5,3, Fault,45,218,128,-2.666, Terrace Point basalt, Tue Jul 21 07:32:37 2020,
744b895ef0ee869a51869c5ce317c69b, Locality 1, 26836cd70a430e68febe5b34ca881084,691738.2693,5289012.507,47.725989,-90.443057, 15T,215.599365,5,3, Fault,56,206,116,-2.666, Terrace Point basalt, Tue Jul 21 07:32:16 2020,
744b895ef0ee869a51869c5ce317c69b, Locality 1, 8a30803e400bd322bd5e3af121e7340f,691694.1344,5288914.54,47.725122,-90.443688, 15T,217.433716,10,8, Fault,33,318,228,-2.666, Terrace Point basalt, Tue Jul 21 07:12:02 2020,
744b895ef0ee869a51869c5ce317c69b, Locality 1, 878645b949b4336d83b194ba6366fd80,691689.5456,5288918.221,47.725156,-90.443748, 15T,212.767761,10,8, Fault,44,17,287,-2.666, Terrace Point basalt, Tue Jul 21 07:11:49 2020,
744b895ef0ee869a51869c5ce317c69b, Locality 1, 1dbecce5a961604840ece9cf5c3c0ce2,691691.2225,5288915.265,47.725129,-90.443727, 15T,214.437561,10,12, Fault,40,26,296,-2.666, Terrace Point basalt, Tue Jul 21 07:11:39 2020,
744b895ef0ee869a51869c5ce317c69b, Locality 1, 1983557257c7af8fc8f7d4ba6e21073b,691723.338,5288970.257,47.725614,-90.443275, 15T,214.146545,5,3, Fault,29,45,315,-2.666, Terrace Point basalt, Tue Jul 21 07:00:07 2020,
744b895ef0ee869a51869c5ce317c69b, Locality 1, db67441df20691bf342d0fe906d085a0,691721.006,5288968.473,47.725598,-90.443307, 15T,217.988342,5,3, Fault,35,59,329,-2.666, Terrace Point basalt, Tue Jul 21 06:59:52 2020,
744b895ef0ee869a51869c5ce317c69b, Locality 1, 5a73168934b7a394d94543a7fb30444a,691719.8523,5288968.351,47.725598,-90.443322, 15T,218.352295,5,4, Fault,31,42,312,-2.666, Terrace Point basalt, Tue Jul 21 06:59:46 2020,
744b895ef0ee869a51869c5ce317c69b, Locality 1, c5a41f516d3c3df2666259fd5e51acb5,691773.3308,5289362.668,47.729126,-90.442436, 15T,193.51416,5,3, Joint,74,353,263,-2.666, Unit logan sills, Tue Jul 14 10:08:44 2020,
744b895ef0ee869a51869c5ce317c69b, Locality 1, b8b47ed3b156c05bb6163f3841c73727,691773.3308,5289362.668,47.729126,-90.442436, 15T,193.51416,5,3, Joint,82,8,278,-2.666, Unit logan sills, Tue Jul 14 10:08:34 2020,
744b895ef0ee869a51869c5ce317c69b, Locality 1, 8cf5a0ae19b1404ff9f5f19e62642491,691773.3308,5289362.668,47.729126,-90.442436, 15T,193.51416,5,3, Joint,86,85,355,-2.666, Unit logan sills, Tue Jul 14 10:08:18 2020,
744b895ef0ee869a51869c5ce317c69b, Locality 1, 78d15395c161adf0f0cfd07b159b87b0,691773.3308,5289362.668,47.729126,-90.442436, 15T,193.51416,5,3, Joint,85,70,340,-2.666, Unit logan sills, Tue Jul 14 10:08:08 2020,
744b895ef0ee869a51869c5ce317c69b, Locality 1, a42ae98d21b387bc1f866ab0e6760e11,692386.7385,5289806.422,47.732932,-90.434068, 15T,196.831543,5,3, Bedding,13,172,82,-2.666, Good Harbor Bay andesite, Fri Jul 10 07:45:52 2020,
744b895ef0ee869a51869c5ce317c69b, Locality 1, 09f9c5fdc13588a31f60079dc49e0eed,692384.8405,5289805.417,47.732924,-90.434094, 15T,197.664001,5,3, Bedding,9,172,82,-2.666, Good Harbor Bay andesite, Fri Jul 10 07:45:32 2020,
744b895ef0ee869a51869c5ce317c69b, Locality 1, a5d0ede7fe0c4c5ab8744a8cb0b63716,692383.4677,5289804.7,47.732918,-90.434112, 15T,197.270874,5,3, Bedding,14,154,64,-2.666, Good Harbor Bay andesite, Fri Jul 10 07:45:12 2020,
744b895ef0ee869a51869c5ce317c69b, Locality 1, 541de4cb7c9b1742fb6d3772a4c38270,692383.4677,5289804.7,47.732918,-90.434112, 15T,197.270874,5,3, Bedding,13,157,67,-2.666, Good Harbor Bay andesite, Fri Jul 10 07:45:04 2020,
744b895ef0ee869a51869c5ce317c69b, Locality 1, ef802ec4d52a2948b61b94ff419c2d21,692377.6456,5289798.525,47.732864,-90.434192, 15T,206.452026,5,4, Bedding,8,174,84,-2.666, Good Harbor Bay andesite, Fri Jul 10 07:43:28 2020,