localityId, localityName, dataId, x, y, latitude, longitude, zone, altitude, horiz_precision, vert_precision, planeType, dip, dipAzimuth, strike, declination, unitId, timedate, notes
2e54ef0926173bd3d75077b0e144cf01, Locality 1, bb73d67506ecfe496cbc1fd066c6bca8, 684913.80122203, 5325381.75000149, 48.05490188, -90.51839747, 15U, 7.31634329, 9.24615938, -1.00000000, Igneous Foliation, 17.50344849, 201.86824036, 111.86824036, -2.69737244, Poplar Lake Intrusion, Thu Jul 16 19:12:04 2020, 
2e54ef0926173bd3d75077b0e144cf01, Locality 1, ec9ad6874edef1a0ae27789fda25cf12, 684911.35707020, 5325388.64888436, 48.05496460, -90.51842726, 15U, 3.41597132, 4.70698172, -1.00000000, Igneous Foliation, 15.90577984, 199.72950745, 109.72950745, -2.69737244, Poplar Lake Intrusion, Thu Jul 16 19:11:44 2020, 
2e54ef0926173bd3d75077b0e144cf01, Locality 1, b224ddf358dbb9e9b349010e9171d10f, 684907.56029045, 5325390.32878727, 48.05498080, -90.51847744, 15U, 3.39181353, 4.96216038, -1.00000000, Igneous Foliation, 9.54200935, 207.32434082, 117.32434082, -2.69737244, Poplar Lake Intrusion, Thu Jul 16 19:06:19 2020, 
2e54ef0926173bd3d75077b0e144cf01, Locality 1, 96a76cfa27caa1fcc30935057695a793, 684922.07181075, 5325397.27617305, 48.05503904, -90.51827987, 15U, 12.69896344, 14.26292438, -1.00000000, Igneous Foliation, 14.07537746, 211.44107056, 121.44107056, -2.69737244, Poplar Lake Intrusion, Thu Jul 16 18:12:43 2020, 
2e54ef0926173bd3d75077b0e144cf01, Locality 1, 12ec834c51ed2fc5202d0176a6d9bc70, 684923.62873343, 5325398.03615699, 48.05504542, -90.51825867, 15U, 14.44541852, 19.07344422, -1.00000000, Igneous Foliation, 17.60745811, 201.34156799, 111.34156799, -2.69737244, Poplar Lake Intrusion, Thu Jul 16 18:12:36 2020, 
2e54ef0926173bd3d75077b0e144cf01, Locality 1, a9d9b3bc907ae4027cc3327115c7b5c4, 684906.65716255, 5325389.42988294, 48.05497298, -90.51848993, 15U, 12.56687046, 11.35236873, -1.00000000, Igneous Foliation, 24.02213287, 235.55876160, 145.55876160, -2.69737244, Poplar Lake Intrusion, Thu Jul 16 17:49:36 2020, 
2e54ef0926173bd3d75077b0e144cf01, Locality 1, 5f6a4d4282b2f6aa683f0d9f31a72894, 684919.91112692, 5325380.54685958, 48.05488929, -90.51831607, 15U, 10.95149336, 21.76246629, -1.00000000, Igneous Foliation, 17.81705666, 187.12812805, 97.12812805, -2.69737244, Poplar Lake Intrusion, Thu Jul 16 17:43:06 2020, 
2e54ef0926173bd3d75077b0e144cf01, Locality 1, a0b5bc39cfe2c3664fbc5765e4f62036, 684925.95369517, 5325384.28717727, 48.05492116, -90.51823344, 15U, 2.86467190, 5.06144169, -1.00000000, Igneous Foliation, 15.98652840, 201.65667725, 111.65667725, -2.69737244, Poplar Lake Intrusion, Thu Jul 16 17:42:09 2020, 
2e54ef0926173bd3d75077b0e144cf01, Locality 1, daf2c9047657f3f571c70552d9de1217, 684924.31498297, 5325380.58867687, 48.05488839, -90.51825701, 15U, 3.04671357, 4.95399570, -1.00000000, Igneous Foliation, 17.12564850, 182.34188843, 92.34188843, -2.69737244, Poplar Lake Intrusion, Thu Jul 16 17:41:56 2020, 
2e54ef0926173bd3d75077b0e144cf01, Locality 1, eb9fce8090277e8a4394aa8cc1e2b3a0, 684920.95803055, 5325370.65167389, 48.05480004, -90.51830631, 15U, 2.22060611, 7.13899199, -1.00000000, Igneous Foliation, 16.22954559, 206.43128967, 116.43128967, -2.69737244, Poplar Lake Intrusion, Thu Jul 16 17:41:35 2020, 
2e54ef0926173bd3d75077b0e144cf01, Locality 1, 518020d24d009d194d70f8332061258f, 684918.81453550, 5325380.16721862, 48.05488620, -90.51833094, 15U, 2.28128738, 7.03178037, -1.00000000, Igneous Foliation, 14.80320549, 198.38650513, 108.38650513, -2.69737244, Poplar Lake Intrusion, Thu Jul 16 17:41:24 2020, 
2e54ef0926173bd3d75077b0e144cf01, Locality 1, d681d069410c1cf76660c973a1b441b9, 684919.70573062, 5325384.06445190, 48.05492097, -90.51831731, 15U, 3.20548539, 4.85277245, -1.00000000, Igneous Foliation, 13.55270290, 187.04365540, 97.04365540, -2.69737244, Poplar Lake Intrusion, Thu Jul 16 17:41:16 2020, 
2e54ef0926173bd3d75077b0e144cf01, Locality 1, 7bd1d1f8cf5ffae4b83fab4f7ce891ca, 684911.89131123, 5325385.68071211, 48.05493776, -90.51842138, 15U, 3.39924091, 4.71907812, -1.00000000, Igneous Foliation, 11.51350498, 210.53094482, 120.53094482, -2.69737244, Poplar Lake Intrusion, Thu Jul 16 17:40:52 2020, 
2e54ef0926173bd3d75077b0e144cf01, Locality 1, 560f9706df28677aaa96721055b1652b, 684927.38916224, 5325376.75883117, 48.05485308, -90.51821745, 15U, 2.51105765, 5.24586757, -1.00000000, Igneous Foliation, 24.79693985, 186.22335815, 96.22335815, -2.69737244, Poplar Lake Intrusion, Thu Jul 16 17:32:28 2020, 
2e54ef0926173bd3d75077b0e144cf01, Locality 1, c286c4515a73d5a3ae87fc24e2fd8eb9, 684921.17780436, 5325375.34311377, 48.05484215, -90.51830134, 15U, 20.31538130, 22.61851940, -1.00000000, Igneous Foliation, 25.37931252, 211.04794312, 121.04794312, -2.69737244, Poplar Lake Intrusion, Thu Jul 16 17:30:50 2020, 
2e54ef0926173bd3d75077b0e144cf01, Locality 1, 4c4c0703112b6c070ffbce2bdb41e57d, 684926.69739660, 5325370.01248926, 48.05479264, -90.51822964, 15U, 13.76291261, 17.30849343, -1.00000000, Igneous Foliation, 24.56770325, 210.76614380, 120.76614380, -2.69737244, Poplar Lake Intrusion, Thu Jul 16 17:30:37 2020, 
2e54ef0926173bd3d75077b0e144cf01, Locality 1, a17a05f0533a4bfedeeccf5031eebaf8, 685519.30346322, 5323991.14588136, 48.04222655, -90.51088213, 15U, 11.59016562, 8.98628315, -1.00000000, Igneous Foliation, 13.88506317, 162.37077332, 72.37077332, -2.69737244, Poplar Lake Intrusion, Wed Jul 15 15:40:27 2020, 
2e54ef0926173bd3d75077b0e144cf01, Locality 1, d7a152aa7c31820a12365b9b43be3792, 685514.44789538, 5323988.20124874, 48.04220149, -90.51094849, 15U, 3.44122322, 4.68855199, -1.00000000, Igneous Foliation, 16.48729706, 174.98545837, 84.98545837, -2.69737244, Poplar Lake Intrusion, Wed Jul 15 15:39:19 2020, 
2e54ef0926173bd3d75077b0e144cf01, Locality 1, 55e60b70eebb7e2afbc80b76acc4bab6, 685510.56513179, 5323990.18280734, 48.04222043, -90.51099968, 15U, 3.43397398, 4.69386405, -1.00000000, Igneous Foliation, 17.63702965, 182.98632812, 92.98632812, -2.69737244, Poplar Lake Intrusion, Wed Jul 15 15:38:00 2020, 
2e54ef0926173bd3d75077b0e144cf01, Locality 1, 0cf791085424b7f046b1ac1c01add2d0, 685549.90442360, 5323999.69692416, 48.04229452, -90.51046825, 15U, 3.38922756, 4.72627481, -1.00000000, Igneous Foliation, 19.08940506, 180.23867798, 90.23867798, -2.69737244, Poplar Lake Intrusion, Wed Jul 15 15:24:15 2020, 
2e54ef0926173bd3d75077b0e144cf01, Locality 1, fc9911b3cf33e9031f888060739af76e, 685550.47413788, 5324002.98304198, 48.04232389, -90.51045919, 15U, 3.44613509, 4.68494290, -1.00000000, Igneous Foliation, 16.18539238, 178.72978210, 88.72978210, -2.69737244, Poplar Lake Intrusion, Wed Jul 15 15:22:21 2020, 
2e54ef0926173bd3d75077b0e144cf01, Locality 1, accfb0c34ae9da3841f61dc214cf7f69, 685550.76341313, 5324002.11378876, 48.04231599, -90.51045569, 15U, 3.41337786, 4.70886278, -1.00000000, Igneous Foliation, 12.30849361, 181.47413635, 91.47413635, -2.69737244, Poplar Lake Intrusion, Wed Jul 15 15:22:16 2020, 
2e54ef0926173bd3d75077b0e144cf01, Locality 1, 805582e820af650f6ca8c2d3c6620cc3, 685553.60279672, 5324000.04357232, 48.04229656, -90.51041853, 15U, 3.48283735, 4.65772273, -1.00000000, Igneous Foliation, 13.34167480, 182.09562683, 92.09562683, -2.69737244, Poplar Lake Intrusion, Wed Jul 15 15:22:02 2020, 
2e54ef0926173bd3d75077b0e144cf01, Locality 1, 1c66093a51563a2e78cca7f711006dbc, 685550.66741456, 5323999.97030824, 48.04229675, -90.51045791, 15U, 3.47585921, 4.66293253, -1.00000000, Igneous Foliation, 12.25748253, 183.72236633, 93.72236633, -2.69737244, Poplar Lake Intrusion, Wed Jul 15 15:21:52 2020, 
2e54ef0926173bd3d75077b0e144cf01, Locality 1, e24aa6a30e352c75dc32fed79b63f3cb, 685550.56283285, 5324000.96171823, 48.04230570, -90.51045888, 15U, 3.39076850, 4.72516941, -1.00000000, Igneous Foliation, 12.05114079, 192.73844910, 102.73844910, -2.69737244, Poplar Lake Intrusion, Wed Jul 15 15:21:45 2020, 
2e54ef0926173bd3d75077b0e144cf01, Locality 1, c4c11ec4c0ad187d7e5df336ba17645b, 685324.28495354, 5324051.19837724, 48.04282298, -90.51347015, 15U, 3.08685711, 4.92908209, -1.00000000, Igneous Foliation, 13.61038208, 196.67579651, 106.67579651, -2.69737244, Poplar Lake Intrusion, Wed Jul 15 14:56:07 2020, 
2e54ef0926173bd3d75077b0e144cf01, Locality 1, 2fc3893e0c85e4d2598a51eecef62f7f, 685322.38066455, 5324049.99079698, 48.04281267, -90.51349620, 15U, 3.38103861, 4.73213640, -1.00000000, Igneous Foliation, 13.93494034, 188.06785583, 98.06785583, -2.69737244, Poplar Lake Intrusion, Wed Jul 15 14:55:58 2020, 
2e54ef0926173bd3d75077b0e144cf01, Locality 1, 98a2fc1a6140dacb741a6de3e06ba5ae, 685320.45609673, 5324049.47204334, 48.04280857, -90.51352222, 15U, 3.37012239, 4.73991689, -1.00000000, Igneous Foliation, 18.67937469, 192.31362915, 102.31362915, -2.69737244, Poplar Lake Intrusion, Wed Jul 15 14:55:49 2020, 
2e54ef0926173bd3d75077b0e144cf01, Locality 1, 31376eea9869b4cfb2589982e0ed2c75, 685319.93979027, 5324050.44442024, 48.04281746, -90.51352872, 15U, 3.39531732, 4.72190188, -1.00000000, Igneous Foliation, 15.24660683, 188.13133240, 98.13133240, -2.69737244, Poplar Lake Intrusion, Wed Jul 15 14:55:43 2020, 
2e54ef0926173bd3d75077b0e144cf01, Locality 1, 2ce3f8f91284b8461b57bffedc686d9d, 685319.89700621, 5324052.56001243, 48.04283649, -90.51352838, 15U, 3.31693452, 4.77728819, -1.00000000, Igneous Foliation, 17.35145760, 185.01995850, 95.01995850, -2.69737244, Poplar Lake Intrusion, Wed Jul 15 14:55:37 2020, 
2e54ef0926173bd3d75077b0e144cf01, Locality 1, 37016d474c7a5349da6f6f230edd9e6e, 685308.10222456, 5324065.15925191, 48.04295316, -90.51368102, 15U, 9.65267784, 10.87666618, -1.00000000, Igneous Foliation, 13.89072609, 183.58036804, 93.58036804, -2.69737244, Poplar Lake Intrusion, Wed Jul 15 14:52:08 2020, 
2e54ef0926173bd3d75077b0e144cf01, Locality 1, cad8116e853b1e6b1447058ad3e19394, 685307.21127875, 5324056.64504496, 48.04287689, -90.51369665, 15U, 3.30712181, 4.78408637, -1.00000000, Igneous Foliation, 14.51476955, 194.68589783, 104.68589783, -2.69737244, Poplar Lake Intrusion, Wed Jul 15 13:08:56 2020, 
2e54ef0926173bd3d75077b0e144cf01, Locality 1, e94738b3a6b518d480b7a6381101ce1e, 685306.05827464, 5324055.98919676, 48.04287133, -90.51371239, 15U, 3.35382713, 4.75146090, -1.00000000, Igneous Foliation, 17.36144829, 209.26699829, 119.26699829, -2.69737244, Poplar Lake Intrusion, Wed Jul 15 13:08:50 2020, 
2e54ef0926173bd3d75077b0e144cf01, Locality 1, 5ca9b4023473e3ad289bdc93c4f174fa, 685302.18345199, 5324051.98798854, 48.04283649, -90.51376606, 15U, 3.27959976, 4.80299515, -1.00000000, Igneous Foliation, 15.75863934, 182.28895569, 92.28895569, -2.69737244, Poplar Lake Intrusion, Wed Jul 15 13:08:35 2020, 
2e54ef0926173bd3d75077b0e144cf01, Locality 1, fddde6ce5e64ced2352b96baa5e29923, 685306.08581376, 5324055.07524245, 48.04286311, -90.51371242, 15U, 10.90154700, 7.90181380, -1.00000000, Igneous Foliation, 13.93619061, 195.49037170, 105.49037170, -2.69737244, Poplar Lake Intrusion, Wed Jul 15 13:01:59 2020, 
2e54ef0926173bd3d75077b0e144cf01, Locality 1, 29302f2d01d322d0713518a0366c9ffd, 685306.08581376, 5324055.07524245, 48.04286311, -90.51371242, 15U, 10.90154700, 7.90181380, -1.00000000, Igneous Foliation, 18.98140526, 191.62265015, 101.62265015, -2.69737244, Poplar Lake Intrusion, Wed Jul 15 13:01:36 2020, 
2e54ef0926173bd3d75077b0e144cf01, Locality 1, 9400a39547b6039af95b4d91a71f899f, 685304.39562527, 5324053.39993790, 48.04284854, -90.51373580, 15U, 9.88215259, 9.43857198, -1.00000000, Igneous Foliation, 15.57799149, 185.56376648, 95.56376648, -2.69737244, Poplar Lake Intrusion, Wed Jul 15 13:01:25 2020, 
2e54ef0926173bd3d75077b0e144cf01, Locality 1, f5bc212fe02ada3b79e14afc7334c52a, 685308.06436963, 5324054.71585945, 48.04285930, -90.51368605, 15U, 10.42766772, 24.77338879, -1.00000000, Igneous Foliation, 15.27962494, 191.14123535, 101.14123535, -2.69737244, Poplar Lake Intrusion, Wed Jul 15 13:01:11 2020, 
2e54ef0926173bd3d75077b0e144cf01, Locality 1, 54f8ecb94449827ed7feb441c1a245ab, 685320.71430803, 5324052.97507926, 48.04283998, -90.51351724, 15U, 3.45207130, 4.68057056, -1.00000000, Igneous Foliation, 12.61209011, 205.76863098, 115.76863098, -2.69737244, Poplar Lake Intrusion, Wed Jul 15 13:00:38 2020, 
2e54ef0926173bd3d75077b0e144cf01, Locality 1, 6e8b9fac194e93598d4aa3762d23f3e2, 685341.24535231, 5324043.36027711, 48.04274760, -90.51324621, 15U, 3.40438714, 4.71536692, -1.00000000, Igneous Foliation, 13.30455589, 207.39881897, 117.39881897, -2.69737244, Poplar Lake Intrusion, Wed Jul 15 12:59:54 2020, 
2e54ef0926173bd3d75077b0e144cf01, Locality 1, 147233fb774f8567284389f708286406, 685341.29990518, 5324046.06025759, 48.04277185, -90.51324431, 15U, 13.72644830, 8.87502392, -1.00000000, Igneous Foliation, 16.02451324, 192.51573181, 102.51573181, -2.69737244, Poplar Lake Intrusion, Wed Jul 15 12:59:39 2020, 
2e54ef0926173bd3d75077b0e144cf01, Locality 1, b67649d9a13e3924dd623af49b6dc41b, 685340.53313242, 5324047.09838104, 48.04278141, -90.51325413, 15U, 12.40352699, 9.33112833, -1.00000000, Igneous Foliation, 17.62235069, 194.79846191, 104.79846191, -2.69737244, Poplar Lake Intrusion, Wed Jul 15 12:59:33 2020, 
2e54ef0926173bd3d75077b0e144cf01, Locality 1, 19c07a9d367830286646ba1a26606b14, 685340.00726499, 5324047.44153741, 48.04278464, -90.51326103, 15U, 13.07555941, 19.21835727, -1.00000000, Igneous Foliation, 15.43618488, 192.20956421, 102.20956421, -2.69737244, Poplar Lake Intrusion, Wed Jul 15 12:59:25 2020, 
2e54ef0926173bd3d75077b0e144cf01, Locality 1, 65b8d8f286d7c0178df679991b74eb08, 685240.05915858, 5324188.07744286, 48.04407778, -90.51453990, 15U, 9.89511719, 6.29541750, -1.00000000, Igneous Foliation, 18.65636635, 191.30415344, 101.30415344, -2.69737244, Poplar Lake Intrusion, Wed Jul 15 11:45:52 2020, 
2e54ef0926173bd3d75077b0e144cf01, Locality 1, bd6925e533e963ba1b208df9dcf16d94, 685242.05490157, 5324186.09595978, 48.04405939, -90.51451400, 15U, 7.56588218, 7.27665896, -1.00000000, Igneous Foliation, 16.10494804, 188.91519165, 98.91519165, -2.69737244, Poplar Lake Intrusion, Wed Jul 15 11:45:37 2020, 
2e54ef0926173bd3d75077b0e144cf01, Locality 1, 0eab8936c952d0b6c297f798b3fa945d, 685259.23501074, 5324195.44340165, 48.04413842, -90.51427967, 15U, 3.36272592, 4.74516716, -1.00000000, Igneous Foliation, 13.88672447, 204.14956665, 114.14956665, -2.69737244, Poplar Lake Intrusion, Wed Jul 15 11:43:04 2020, 
2e54ef0926173bd3d75077b0e144cf01, Locality 1, c2551720779bd43c6d7d7c61d65edfa9, 685258.66140476, 5324195.34369013, 48.04413769, -90.51428740, 15U, 3.42436084, 4.70088182, -1.00000000, Igneous Foliation, 15.57315254, 218.03036499, 128.03036499, -2.69737244, Poplar Lake Intrusion, Wed Jul 15 11:42:51 2020, 
2e54ef0926173bd3d75077b0e144cf01, Locality 1, c6909c0ab92f961da3df01fea34974a0, 685259.38710045, 5324194.94499519, 48.04413390, -90.51427785, 15U, 3.38230430, 4.73123183, -1.00000000, Igneous Foliation, 16.23775482, 208.48568726, 118.48568726, -2.69737244, Poplar Lake Intrusion, Wed Jul 15 11:39:13 2020, 
2e54ef0926173bd3d75077b0e144cf01, Locality 1, 39c57ab35d06718f253bc160a34d3c75, 685257.82446711, 5324194.10272869, 48.04412678, -90.51429916, 15U, 3.42457540, 4.70072552, -1.00000000, Igneous Foliation, 11.61792278, 226.42610168, 136.42610168, -2.69737244, Poplar Lake Intrusion, Wed Jul 15 11:39:05 2020, 
2e54ef0926173bd3d75077b0e144cf01, Locality 1, 5daee421e4efe2a2b181d278c24bd8ba, 693164.90138949, 5325302.37136849, 48.05174446, -90.40781582, 15U, 17.85842510, 12.25080728, -1.00000000, Bedding, 15.47878838, 190.88810730, 100.88810730, -2.69737244, Rove Formation, Tue Jul 14 18:49:15 2020, 
2e54ef0926173bd3d75077b0e144cf01, Locality 1, 9294a59226b78b3732c847791e8c03bf, 693166.89432759, 5325304.13247693, 48.05175969, -90.40778831, 15U, 2.84196052, 5.07422875, -1.00000000, Bedding, 13.18338108, 157.66627502, 67.66627502, -2.69737244, Rove Formation, Tue Jul 14 18:31:41 2020, 
2e54ef0926173bd3d75077b0e144cf01, Locality 1, cb8a4bbd667f8d5364c14070a00b0d2a, 693166.80318562, 5325304.00251009, 48.05175855, -90.40778959, 15U, 2.84196052, 5.07422875, -1.00000000, Bedding, 13.73146629, 175.01379395, 85.01379395, -2.69737244, Rove Formation, Tue Jul 14 18:30:37 2020, 
2e54ef0926173bd3d75077b0e144cf01, Locality 1, 13f582b29088acaaff7ec510d2de9592, 693166.36659820, 5325304.02908922, 48.05175892, -90.40779544, 15U, 2.84196052, 5.07422875, -1.00000000, Bedding, 14.87977982, 178.97422791, 88.97422791, -2.69737244, Rove Formation, Tue Jul 14 18:30:19 2020, 
2e54ef0926173bd3d75077b0e144cf01, Locality 1, 2c1bb0815bea43412a3f92e77cd5c08e, 693166.25675858, 5325301.62470067, 48.05173734, -90.40779799, 15U, 2.84196052, 5.07422875, -1.00000000, Bedding, 13.41160393, 185.89895630, 95.89895630, -2.69737244, Rove Formation, Tue Jul 14 18:30:01 2020, 
2e54ef0926173bd3d75077b0e144cf01, Locality 1, f2bcdf387348d223a9e760042090306a, 693166.83093101, 5325300.14024601, 48.05172383, -90.40779097, 15U, 2.84196052, 5.07422875, -1.00000000, Bedding, 12.57214832, 184.80831909, 94.80831909, -2.69737244, Rove Formation, Tue Jul 14 18:29:52 2020, 
2e54ef0926173bd3d75077b0e144cf01, Locality 1, 728a08d818a9d2af1a34b5e7a00d25f4, 693166.10431272, 5325299.69402122, 48.05172004, -90.40780091, 15U, 2.84196052, 5.07422875, -1.00000000, Bedding, 15.14912415, 189.26179504, 99.26179504, -2.69737244, Rove Formation, Tue Jul 14 18:29:25 2020, 
2e54ef0926173bd3d75077b0e144cf01, Locality 1, 88c5d1b3e8420e253703147dc77db4d1, 693165.02505370, 5325301.42232653, 48.05173590, -90.40781460, 15U, 2.84196052, 5.07422875, -1.00000000, Bedding, 14.21420670, 176.56803894, 86.56803894, -2.69737244, Rove Formation, Tue Jul 14 18:29:15 2020, 
2e54ef0926173bd3d75077b0e144cf01, Locality 1, 8737a67ed9483311739933c25cc9c660, 693166.67113200, 5325302.52470560, 48.05174531, -90.40779203, 15U, 2.84196052, 5.07422875, -1.00000000, Bedding, 14.41330433, 191.62307739, 101.62307739, -2.69737244, Rove Formation, Tue Jul 14 18:28:58 2020, 
2e54ef0926173bd3d75077b0e144cf01, Locality 1, e8aa690aaa97cb1f878ecfa4222a62ca, 693167.96630626, 5325299.96644717, 48.05172192, -90.40777582, 15U, 2.84196052, 5.07422875, -1.00000000, Bedding, 17.42276764, 206.86480713, 116.86480713, -2.69737244, Rove Formation, Tue Jul 14 18:28:41 2020, 
2e54ef0926173bd3d75077b0e144cf01, Locality 1, 3ae475c73f649baceed8c83769951452, 691582.21178678, 5325007.79668858, 48.04957384, -90.42916441, 15U, 2.84196052, 5.07422875, -1.00000000, Flow Banding, 23.27766991, 186.80987549, 96.80987549, -2.69737244, Logan Sills, Tue Jul 14 15:29:05 2020, 
2e54ef0926173bd3d75077b0e144cf01, Locality 1, 4d046593cdbf048293627e7171c74348, 691582.21178678, 5325007.79668858, 48.04957384, -90.42916441, 15U, 2.84196052, 5.07422875, -1.00000000, Columnar Joint, 76.15007782, 355.60873413, 265.60873413, -2.69737244, Logan Sills, Tue Jul 14 15:28:12 2020, 
2e54ef0926173bd3d75077b0e144cf01, Locality 1, 607d4677fc81c82a8364288efa3956ca, 691582.21178678, 5325007.79668858, 48.04957384, -90.42916441, 15U, 2.84196052, 5.07422875, -1.00000000, Columnar Joint, 87.56875610, 269.13958740, 179.13958740, -2.69737244, Logan Sills, Tue Jul 14 15:28:02 2020, 
2e54ef0926173bd3d75077b0e144cf01, Locality 1, 5d68db4e3708105db53f19e1647dd123, 691582.21178678, 5325007.79668858, 48.04957384, -90.42916441, 15U, 2.84196052, 5.07422875, -1.00000000, Columnar Joint, 79.02766418, 345.49569702, 255.49569702, -2.69737244, Logan Sills, Tue Jul 14 15:27:55 2020, 
2e54ef0926173bd3d75077b0e144cf01, Locality 1, 9afb468bd81e4365249ad866d2e8d689, 691580.03355434, 5324999.73080937, 48.04950200, -90.42919722, 15U, 2.13745814, 5.47881972, -1.00000000, Flow Banding, 24.21567154, 169.51142883, 79.51142883, -2.69737244, Logan Sills, Tue Jul 14 14:17:27 2020, 
2e54ef0926173bd3d75077b0e144cf01, Locality 1, 56c480f4c8b9a2953ef2bfb1d6e641f4, 691579.87786479, 5325007.49754492, 48.04957185, -90.42919583, 15U, 2.43443748, 5.28186058, -1.00000000, Columnar Joint, 70.05020905, 23.28033638, 293.28033447, -2.69737244, Logan Sills, Tue Jul 14 14:16:11 2020, 
2e54ef0926173bd3d75077b0e144cf01, Locality 1, af74d9b705ed4b40385dc925bb70a528, 691578.39207883, 5325005.49757066, 48.04955432, -90.42921665, 15U, 2.98772912, 4.98979075, -1.00000000, Columnar Joint, 74.95790100, 53.49469757, 323.49468994, -2.69737244, Logan Sills, Tue Jul 14 14:16:05 2020, 
2e54ef0926173bd3d75077b0e144cf01, Locality 1, 36e9f3b16e575e014a8d1c040c7aa210, 691574.46513318, 5325010.81787158, 48.04960332, -90.42926691, 15U, 3.10405406, 4.91827057, -1.00000000, Columnar Joint, 83.05368042, 343.33792114, 253.33792114, -2.69737244, Logan Sills, Tue Jul 14 14:15:47 2020, 
2e54ef0926173bd3d75077b0e144cf01, Locality 1, 62090a6e953cc8dc1aae87ff26dfb03d, 691574.08219255, 5325007.19943198, 48.04957091, -90.42927366, 15U, 2.78157289, 5.10758155, -1.00000000, Columnar Joint, 81.34826660, 346.35949707, 256.35949707, -2.69737244, Logan Sills, Tue Jul 14 14:15:38 2020, 
2e54ef0926173bd3d75077b0e144cf01, Locality 1, a52b145190e50a155eb77d3c95bec49f, 691571.49621191, 5325002.72977760, 48.04953152, -90.42931032, 15U, 2.90791139, 5.03672397, -1.00000000, Columnar Joint, 82.40039825, 309.60391235, 219.60391235, -2.69737244, Logan Sills, Tue Jul 14 14:15:08 2020, 
2e54ef0926173bd3d75077b0e144cf01, Locality 1, f6102bb523138dc602547c543039ba4c, 691572.33067167, 5325001.74854354, 48.04952245, -90.42929958, 15U, 2.42125218, 5.28791782, -1.00000000, Columnar Joint, 83.71538544, 280.29092407, 190.29092407, -2.69737244, Logan Sills, Tue Jul 14 14:15:00 2020, 
2e54ef0926173bd3d75077b0e144cf01, Locality 1, 600c4ea487f787a239fde9c4d46093f0, 691571.48750091, 5324998.40034218, 48.04949260, -90.42931238, 15U, 2.25376859, 5.38767346, -1.00000000, Columnar Joint, 74.18886566, 344.48147583, 254.48147583, -2.69737244, Logan Sills, Tue Jul 14 14:14:53 2020, 
2e54ef0926173bd3d75077b0e144cf01, Locality 1, 4fb6a4edf956440db15b3197438de18b, 691562.39473514, 5325009.93976693, 48.04959905, -90.42942910, 15U, 3.26607256, 5.02433807, -1.00000000, Flow Banding, 10.22080135, 165.68714905, 75.68714905, -2.69737244, Logan Sills, Tue Jul 14 14:13:40 2020, 
2e54ef0926173bd3d75077b0e144cf01, Locality 1, c7b7770279063cfa027ebd84e520fea2, 691563.14852142, 5325005.78880544, 48.04956152, -90.42942086, 15U, 3.17761354, 4.87106859, -1.00000000, Flow Banding, 7.49874973, 204.21908569, 114.21908569, -2.69737244, Logan Sills, Tue Jul 14 14:13:26 2020, 
2e54ef0926173bd3d75077b0e144cf01, Locality 1, 6619aad1b1c9a27f032d72a0c96868e9, 691579.36959800, 5325008.71724993, 48.04958297, -90.42920210, 15U, 3.09439422, 4.92435391, -1.00000000, Flow Banding, 12.41513443, 218.98280334, 128.98280334, -2.69737244, Logan Sills, Tue Jul 14 14:13:06 2020, 
2e54ef0926173bd3d75077b0e144cf01, Locality 1, 1f41b4e763d625710b68fc1847adf7c8, 691583.49318754, 5325007.38900698, 48.04956979, -90.42914742, 15U, 3.13831624, 4.89647917, -1.00000000, Flow Banding, 27.44074440, 185.91003418, 95.91003418, -2.69737244, Logan Sills, Tue Jul 14 14:12:42 2020, 
2e54ef0926173bd3d75077b0e144cf01, Locality 1, b02f7ed4c672611a643e0b36869a9456, 691581.82818149, 5325005.63674356, 48.04955454, -90.42917052, 15U, 11.66245111, 8.39216045, -1.00000000, Flow Banding, 32.76063919, 178.56367493, 88.56367493, -2.69737244, Logan Sills, Tue Jul 14 14:12:27 2020, These measurements can be grouped with LS6. 
2e54ef0926173bd3d75077b0e144cf01, Locality 1, f949a27b96ae627690b2f27de199843f, 691846.24099808, 5325105.43522638, 48.05037212, -90.42558135, 15U, 2.44450924, 6.19310005, -1.00000000, Columnar Joint, 18.66649246, 167.64990234, 77.64990234, -2.69737244, Logan Sills, Tue Jul 14 13:58:01 2020, 
2e54ef0926173bd3d75077b0e144cf01, Locality 1, 8b5c788304fc88279fee59d155642064, 691843.69816257, 5325104.33361104, 48.05036298, -90.42561593, 15U, 2.56075881, 5.28783805, -1.00000000, Columnar Joint, 14.83517075, 182.71276855, 92.71276855, -2.69737244, Logan Sills, Tue Jul 14 13:57:43 2020, 
2e54ef0926173bd3d75077b0e144cf01, Locality 1, 3c50e04487bc5c59bdb14ab23796dc6a, 691848.35626181, 5325106.26589096, 48.05037895, -90.42555262, 15U, 2.18168139, 6.38152688, -1.00000000, Columnar Joint, 71.61164856, 359.05020142, 269.05020142, -2.69737244, Logan Sills, Tue Jul 14 13:57:27 2020, 
2e54ef0926173bd3d75077b0e144cf01, Locality 1, 2e979f719dcefbb211a377d53357b523, 691847.90194925, 5325108.96774974, 48.05040337, -90.42555750, 15U, 2.31030031, 5.35553906, -1.00000000, Columnar Joint, 72.51831818, 352.29818726, 262.29818726, -2.69737244, Logan Sills, Tue Jul 14 13:57:12 2020, 
2e54ef0926173bd3d75077b0e144cf01, Locality 1, 7bdb4e36c0b63bd7dfc29b2c65a765f1, 691847.09674402, 5325106.75986067, 48.05038377, -90.42556929, 15U, 2.37116983, 5.39699058, -1.00000000, Columnar Joint, 83.32372284, 69.17634583, 339.17633057, -2.69737244, Logan Sills, Tue Jul 14 13:57:08 2020, 
2e54ef0926173bd3d75077b0e144cf01, Locality 1, 0b7d21bf725ea6a3ab4954f3b12d4561, 691849.06469306, 5325105.69056266, 48.05037356, -90.42554338, 15U, 2.43225584, 5.32932819, -1.00000000, Columnar Joint, 71.39756012, 341.88369751, 251.88369751, -2.69737244, Logan Sills, Tue Jul 14 13:57:01 2020, 
2e54ef0926173bd3d75077b0e144cf01, Locality 1, 7271d08ef981f9cb9da954bcb01ebdd1, 691843.82756038, 5325104.02087845, 48.05036013, -90.42561434, 15U, 18.55883059, 13.56670830, -1.00000000, Flow Banding, 12.78137970, 179.59901428, 89.59901428, -2.69737244, Logan Sills, Tue Jul 14 13:56:26 2020, 
2e54ef0926173bd3d75077b0e144cf01, Locality 1, 15db6d4eb7ad5fe9b302b680ad8c89cd, 691845.81346865, 5325090.64773563, 48.05023934, -90.42559371, 15U, 20.80729144, 25.79911169, -1.00000000, Flow Banding, 20.53297806, 162.95292664, 72.95292664, -2.69737244, Logan Sills, Tue Jul 14 13:56:05 2020, 
2e54ef0926173bd3d75077b0e144cf01, Locality 1, 1f7f905164a149ba3a70144da06b32a8, 691843.59787912, 5325109.47957082, 48.05040926, -90.42561497, 15U, 3.45054636, 4.93603042, -1.00000000, Columnar Joint, 86.79228210, 257.77340698, 167.77340698, -2.69737244, Logan Sills, Tue Jul 14 12:49:15 2020, 
2e54ef0926173bd3d75077b0e144cf01, Locality 1, d8f28030afcf93298fa61877f535497b, 691845.99345930, 5325110.81094034, 48.05042051, -90.42558226, 15U, 3.41948703, 5.32731247, -1.00000000, Columnar Joint, 84.80697632, 351.58819580, 261.58819580, -2.69737244, Logan Sills, Tue Jul 14 12:49:08 2020, 
2e54ef0926173bd3d75077b0e144cf01, Locality 1, ae2f033bc203df478dccf857bbe74dd8, 691844.95668757, 5325110.18251444, 48.05041517, -90.42559644, 15U, 3.45046612, 5.47943458, -1.00000000, Flow Banding, 11.34198093, 159.52024841, 69.52024841, -2.69737244, Logan Sills, Tue Jul 14 12:48:59 2020, 
2e54ef0926173bd3d75077b0e144cf01, Locality 1, e2d4391fe57b40bd83d759e85d708eba, 691846.61877222, 5325113.70806438, 48.05044636, -90.42557258, 15U, 3.47872167, 5.03180594, -1.00000000, Flow Banding, 14.28569317, 170.63714600, 80.63714600, -2.69737244, Logan Sills, Tue Jul 14 12:48:52 2020, 
2e54ef0926173bd3d75077b0e144cf01, Locality 1, 88e043cf9d3ac09a10d12a510473da10, 691861.63835125, 5325135.39239323, 48.05063675, -90.42536152, 15U, 12.22249006, 8.37152042, -1.00000000, Bedding, 20.00233269, 178.05351257, 88.05351257, -2.69737244, Rove Formation, Tue Jul 14 12:37:59 2020, 
2e54ef0926173bd3d75077b0e144cf01, Locality 1, e23cdb712de8930bffae20b4df6db480, 691868.87804553, 5325132.96308731, 48.05061273, -90.42526556, 15U, 3.33193777, 4.76683624, -1.00000000, Bedding, 13.27088737, 128.38192749, 38.38192749, -2.69737244, Rove Formation, Tue Jul 14 12:36:36 2020, Root heaved a bit
2e54ef0926173bd3d75077b0e144cf01, Locality 1, 94b3b5dde7792d7ded9bd38c90f5403f, 691889.15478011, 5325142.89927532, 48.05069595, -90.42498929, 15U, 2.95187144, 5.01108691, -1.00000000, Bedding, 19.40412712, 157.66481018, 67.66481018, -2.69737244, Rove Formation, Tue Jul 14 12:34:08 2020, 
2e54ef0926173bd3d75077b0e144cf01, Locality 1, e21619e9df2cefdd9e1bfcd9f0b9e3e5, 691888.81159726, 5325140.84632389, 48.05067760, -90.42499481, 15U, 2.80599692, 5.09420439, -1.00000000, Bedding, 25.83109856, 172.33708191, 82.33708191, -2.69737244, Rove Formation, Tue Jul 14 12:33:57 2020, 
2e54ef0926173bd3d75077b0e144cf01, Locality 1, bfa42c876d77335893b48b6fa6d2fd92, 691889.31474500, 5325140.65722390, 48.05067575, -90.42498815, 15U, 2.85989202, 5.06414402, -1.00000000, Bedding, 29.12263680, 175.03518677, 85.03518677, -2.69737244, Rove Formation, Tue Jul 14 12:33:49 2020, 
2e54ef0926173bd3d75077b0e144cf01, Locality 1, 404ef50514c887361339a10e008e962e, 693079.66885820, 5325575.69010121, 48.05422681, -90.40883507, 15U, 10.75331459, 11.67664537, -1.00000000, Flow Banding, 10.73672867, 209.11843872, 119.11843872, -2.69737244, Logan Sills, Tue Jul 14 11:56:35 2020, 
2e54ef0926173bd3d75077b0e144cf01, Locality 1, 87bd14739852ac1b9067fff772731c99, 693076.65905602, 5325569.57745577, 48.05417278, -90.40887818, 15U, 2.44023141, 5.72415729, -1.00000000, Flow Banding, 9.27987862, 212.48852539, 122.48852539, -2.69737244, Logan Sills, Tue Jul 14 11:12:21 2020, 
2e54ef0926173bd3d75077b0e144cf01, Locality 1, ead46a85e83b04964d1e3ce7bd4ac803, 693079.77555260, 5325572.10173250, 48.05419453, -90.40883526, 15U, 2.51061407, 5.35407242, -1.00000000, Flow Banding, 4.44815493, 160.88728333, 70.88728333, -2.69737244, Logan Sills, Tue Jul 14 11:12:13 2020, 
2e54ef0926173bd3d75077b0e144cf01, Locality 1, 9c005d5a700a5daad7f01eced1d17376, 693081.98635995, 5325567.29280237, 48.05415064, -90.40880779, 15U, 2.84413010, 5.07301301, -1.00000000, Columnar Joint, 79.29351044, 288.93875122, 198.93875122, -2.69737244, Logan Sills, Tue Jul 14 11:11:58 2020, 
2e54ef0926173bd3d75077b0e144cf01, Locality 1, add361ce1d6c10d9d1aa86aa35d01d96, 693083.93384347, 5325566.63445825, 48.05414413, -90.40878198, 15U, 2.08262324, 5.71772567, -1.00000000, Columnar Joint, 86.62153625, 20.88719368, 290.88720703, -2.69737244, Logan Sills, Tue Jul 14 11:11:51 2020, 
2e54ef0926173bd3d75077b0e144cf01, Locality 1, 5a04e1ee766d7f5a9b52ddb32f8ac0b8, 693095.31882055, 5325568.69516533, 48.05415921, -90.40862842, 15U, 2.45088521, 5.37407687, -1.00000000, Columnar Joint, 85.47356415, 349.97439575, 259.97439575, -2.69737244, Logan Sills, Tue Jul 14 11:11:18 2020, 
2e54ef0926173bd3d75077b0e144cf01, Locality 1, 032c7ea25e075f45577815a4558f08d9, 693092.43087821, 5325572.64393573, 48.05419557, -90.40866536, 15U, 2.25630934, 6.31732349, -1.00000000, Columnar Joint, 89.00000000, 194.80392456, 104.80392456, -2.69737244, Logan Sills, Tue Jul 14 11:11:10 2020, 
2e54ef0926173bd3d75077b0e144cf01, Locality 1, ba24a6d3b09656f6162fa9781290e2aa, 693096.79914617, 5325569.06865697, 48.05416212, -90.40860841, 15U, 12.76758660, 12.89759158, -1.00000000, Flow Banding, 8.34695148, 193.05429077, 103.05429077, -2.69737244, Logan Sills, Tue Jul 14 11:10:51 2020, 
2e54ef0926173bd3d75077b0e144cf01, Locality 1, a74f9396f305f6446eb862781c1b1c33, 693098.69090991, 5325569.21814164, 48.05416289, -90.40858298, 15U, 3.56007127, 5.68692574, -1.00000000, Flow Banding, 10.71553993, 185.68154907, 95.68154907, -2.69737244, Logan Sills, Tue Jul 14 11:07:45 2020, 
2e54ef0926173bd3d75077b0e144cf01, Locality 1, 634360df65c9acbe198b20cac5799f94, 693103.29020990, 5325566.61177728, 48.05413807, -90.40852250, 15U, 3.64875597, 5.26565040, -1.00000000, Flow Banding, 14.93862438, 188.45249939, 98.45249939, -2.69737244, Logan Sills, Tue Jul 14 11:07:17 2020, 
2e54ef0926173bd3d75077b0e144cf01, Locality 1, 53318d460b2c2768939219e002067afb, 693090.89215729, 5325562.79282565, 48.05410750, -90.40869043, 15U, 4.13247720, 34.67015437, -1.00000000, Columnar Joint, 83.90568542, 20.44545364, 290.44543457, -2.69737244, Logan Sills, Tue Jul 14 11:06:27 2020, 
2e54ef0926173bd3d75077b0e144cf01, Locality 1, 259e0aeb819676e7432e569a7db9e879, 693096.94292311, 5325567.62296534, 48.05414908, -90.40860713, 15U, 2.65033131, 8.93520083, -1.00000000, Flow Banding, 14.13926792, 157.03138733, 67.03138733, -2.69737244, Logan Sills, Tue Jul 14 11:06:09 2020, 
2e54ef0926173bd3d75077b0e144cf01, Locality 1, b0a590560647555df8e5ffb96a3bc49b, 693095.74868458, 5325566.49122302, 48.05413927, -90.40862365, 15U, 16.52407625, 13.68189743, -1.00000000, Columnar Joint, 82.72991180, 21.83105278, 291.83105469, -2.69737244, Logan Sills, Tue Jul 14 11:05:26 2020, 
2e54ef0926173bd3d75077b0e144cf01, Locality 1, 4d755357228dc2a793edf4b147996251, 693100.07378227, 5325563.22547118, 48.05410861, -90.40856715, 15U, 18.96248531, 21.69801525, -1.00000000, Columnar Joint, 74.89978027, 8.04299736, 278.04299927, -2.69737244, Logan Sills, Tue Jul 14 11:05:17 2020, 
2e54ef0926173bd3d75077b0e144cf01, Locality 1, 93b97adf05b7dc092ce1f5da011807f2, 693100.91905703, 5325569.76790794, 48.05416715, -90.40855286, 15U, 15.07775114, 10.59243082, -1.00000000, Flow Banding, 22.64337540, 178.95433044, 88.95433044, -2.69737244, Logan Sills, Tue Jul 14 11:00:51 2020, 
2e54ef0926173bd3d75077b0e144cf01, Locality 1, 11dee9340a3cdd948f23699542ee2023, 693100.47739692, 5325571.51347945, 48.05418298, -90.40855800, 15U, 17.38957331, 24.41218472, -1.00000000, Flow Banding, 19.48529434, 176.68115234, 86.68115234, -2.69737244, Logan Sills, Tue Jul 14 11:00:30 2020, 
2e54ef0926173bd3d75077b0e144cf01, Locality 1, 8171ac767a60e28e5eba4af548b49603, 693111.64699570, 5325574.22504549, 48.05420397, -90.40840703, 15U, 2.20969768, 7.81000741, -1.00000000, Flow Banding, 5.67732430, 192.60070801, 102.60070801, -2.69737244, Logan Sills, Tue Jul 14 10:46:03 2020, 
2e54ef0926173bd3d75077b0e144cf01, Locality 1, ff620d29493ad2f4c36d84377cae26f0, 693110.33021859, 5325572.60333540, 48.05418979, -90.40842542, 15U, 10.34686144, 9.65770883, -1.00000000, Flow Banding, 17.66299248, 166.70892334, 76.70892334, -2.69737244, Logan Sills, Tue Jul 14 10:45:17 2020, 
2e54ef0926173bd3d75077b0e144cf01, Locality 1, e64da15859dcab7cd11f63f9af8a5af6, 693112.73891193, 5325565.17596245, 48.05412231, -90.40839648, 15U, 10.65446658, 12.36781588, -1.00000000, Columnar Joint, 88.11230469, 35.69845200, 305.69845581, -2.69737244, Logan Sills, Tue Jul 14 10:45:02 2020, 
2e54ef0926173bd3d75077b0e144cf01, Locality 1, 08a21c5c22acccda68106985992a46d2, 693113.97518038, 5325562.02983913, 48.05409366, -90.40838132, 15U, 10.56855344, 14.20826209, -1.00000000, Columnar Joint, 88.71079254, 278.20272827, 188.20272827, -2.69737244, Logan Sills, Tue Jul 14 10:44:55 2020, 
2e54ef0926173bd3d75077b0e144cf01, Locality 1, 253284492a1cf7f013313506b94bbc5c, 693113.34662117, 5325561.41144418, 48.05408829, -90.40839003, 15U, 10.91373957, 18.32700968, -1.00000000, Columnar Joint, 87.84302521, 23.38388062, 293.38388062, -2.69737244, Logan Sills, Tue Jul 14 10:44:48 2020, 
2e54ef0926173bd3d75077b0e144cf01, Locality 1, 992b1f38480ed15893aa50b2f6f950b9, 693112.76944507, 5325566.16422002, 48.05413118, -90.40839562, 15U, 2.92750616, 5.02536016, -1.00000000, Columnar Joint, 85.54776764, 294.92916870, 204.92916870, -2.69737244, Logan Sills, Tue Jul 14 10:38:30 2020, 
2e54ef0926173bd3d75077b0e144cf01, Locality 1, 16499958306715fc6bdce29d5012d9ba, 693111.52817413, 5325567.15782597, 48.05414049, -90.40841181, 15U, 2.23115829, 5.75135998, -1.00000000, Columnar Joint, 81.78962708, 21.08572006, 291.08572388, -2.69737244, Logan Sills, Tue Jul 14 10:38:18 2020, 
2e54ef0926173bd3d75077b0e144cf01, Locality 1, f8399140423260cf23a732a261401fa6, 693109.62931156, 5325564.45585281, 48.05411677, -90.40843849, 15U, 2.68614897, 5.15840487, -1.00000000, Columnar Joint, 89.00000000, 109.39218140, 19.39218140, -2.69737244, Logan Sills, Tue Jul 14 10:37:53 2020, 
2e54ef0926173bd3d75077b0e144cf01, Locality 1, 041f4872a7eb2296ac0f6522ec070368, 693109.09414022, 5325566.72492937, 48.05413733, -90.40844464, 15U, 2.29450008, 6.14597126, -1.00000000, Columnar Joint, 79.51473999, 16.76048660, 286.76049805, -2.69737244, Logan Sills, Tue Jul 14 10:37:42 2020, 
2e54ef0926173bd3d75077b0e144cf01, Locality 1, e044f446032ee936f82c122de5c54e19, 693101.01313326, 5325570.06763112, 48.05416982, -90.40855147, 15U, 12.37794368, 13.33466830, -1.00000000, Flow Banding, 24.58238602, 169.93121338, 79.93121338, -2.69737244, Logan Sills, Tue Jul 14 10:36:33 2020, 
2e54ef0926173bd3d75077b0e144cf01, Locality 1, 0e6e4eb028cfee6fa415e8272fe9b6b5, 693103.53973345, 5325568.04598043, 48.05415089, -90.40851851, 15U, 10.66514921, 17.90222822, -1.00000000, Columnar Joint, 74.56504822, 11.77275753, 281.77276611, -2.69737244, Logan Sills, Tue Jul 14 10:36:22 2020, 
2e54ef0926173bd3d75077b0e144cf01, Locality 1, 9f809073738acbcebb60f574bdcebd28, 693107.23248689, 5325571.78572733, 48.05418338, -90.40846731, 15U, 12.86950461, 65.42401872, -1.00000000, Columnar Joint, 78.23916626, 14.11790562, 284.11791992, -2.69737244, Logan Sills, Tue Jul 14 10:36:15 2020, 
2e54ef0926173bd3d75077b0e144cf01, Locality 1, bf37380d24b8b191ae780814f539573b, 693089.97536464, 5325577.29661686, 48.05423813, -90.40869618, 15U, 22.10414049, 26.21874199, -1.00000000, Columnar Joint, 78.37253571, 28.43382263, 298.43383789, -2.69737244, Logan Sills, Tue Jul 14 10:35:23 2020, 
2e54ef0926173bd3d75077b0e144cf01, Locality 1, 5701a81c64a62c467059e24cd6f73acd, 693112.90054011, 5325567.34487593, 48.05414175, -90.40839333, 15U, 3.38671281, 4.88609326, -1.00000000, Flow Banding, 10.09471035, 150.90937805, 60.90937805, -2.69737244, Logan Sills, Tue Jul 14 10:20:37 2020, 
2e54ef0926173bd3d75077b0e144cf01, Locality 1, c624e8cfa9b610f8415eaa740a23a8af, 693105.90162241, 5325569.23859482, 48.05416089, -90.40848631, 15U, 16.18494470, 14.06192415, -1.00000000, Flow Banding, 4.10621071, 169.92172241, 79.92172241, -2.69737244, Logan Sills, Tue Jul 14 10:20:19 2020, 
2e54ef0926173bd3d75077b0e144cf01, Locality 1, d7b12eb66b54a0c5827b5b58efe9a3d4, 693406.59160862, 5326169.68328492, 48.05946655, -90.40418384, 15U, 9.63400329, 7.70848922, -1.00000000, Flow Banding, 13.00814819, 192.95030212, 102.95030212, -2.69737244, Logan Sills, Mon Jul 13 19:19:01 2020, 
2e54ef0926173bd3d75077b0e144cf01, Locality 1, 7a62750db649e5c9c9c5d95d4dd9edc0, 693404.32310316, 5326169.36814840, 48.05946440, -90.40421440, 15U, 9.69313681, 12.81293175, -1.00000000, Flow Banding, 11.68429947, 213.01467896, 123.01467896, -2.69737244, Logan Sills, Mon Jul 13 19:18:37 2020, 
2e54ef0926173bd3d75077b0e144cf01, Locality 1, e78e41ad72d4d5f5539da13a55ba6926, 693406.91545646, 5326169.21951518, 48.05946228, -90.40417971, 15U, 10.70813650, 7.32879463, -1.00000000, Flow Banding, 19.93556595, 203.52340698, 113.52340698, -2.69737244, Logan Sills, Mon Jul 13 19:17:48 2020, 
2e54ef0926173bd3d75077b0e144cf01, Locality 1, af6199588a9ec938e7c7d33feede03a1, 693406.91545646, 5326169.21951518, 48.05946228, -90.40417971, 15U, 10.70813650, 7.32879463, -1.00000000, Flow Banding, 16.36319160, 186.31936646, 96.31936646, -2.69737244, Logan Sills, Mon Jul 13 19:17:36 2020, 
2e54ef0926173bd3d75077b0e144cf01, Locality 1, cf5bb2e46a18918dea1f34b69e33753d, 693406.91545646, 5326169.21951518, 48.05946228, -90.40417971, 15U, 10.70813650, 7.32879463, -1.00000000, Flow Banding, 25.72656631, 188.20783997, 98.20783997, -2.69737244, Logan Sills, Mon Jul 13 19:17:27 2020, 
2e54ef0926173bd3d75077b0e144cf01, Locality 1, 9b817b014154f8819d2d24c37ebee639, 693406.91545646, 5326169.21951518, 48.05946228, -90.40417971, 15U, 10.70813650, 7.32879463, -1.00000000, Flow Banding, 16.39402390, 214.06524658, 124.06524658, -2.69737244, Logan Sills, Mon Jul 13 19:17:17 2020, 
2e54ef0926173bd3d75077b0e144cf01, Locality 1, 102e3102aacca158cb4702a0de06e6b7, 695526.05200594, 5326201.20958534, 48.05910398, -90.37575374, 15U, 3.67909240, 4.50431084, -1.00000000, Flow Banding, 15.19694805, 201.89797974, 111.89797974, -2.69737244, Logan Sills, Mon Jul 13 17:46:21 2020, 
2e54ef0926173bd3d75077b0e144cf01, Locality 1, 563d79919ac88c26ec968597777610f6, 695526.05200594, 5326201.20958534, 48.05910398, -90.37575374, 15U, 3.67909240, 4.50431084, -1.00000000, Flow Banding, 10.52491379, 175.67382812, 85.67382812, -2.69737244, Logan Sills, Mon Jul 13 17:44:52 2020, 
2e54ef0926173bd3d75077b0e144cf01, Locality 1, 448dceae28929d6dfc5db8b69c84cb11, 695526.05200594, 5326201.20958534, 48.05910398, -90.37575374, 15U, 3.67909240, 4.50431084, -1.00000000, Flow Banding, 14.97884464, 191.32553101, 101.32553101, -2.69737244, Logan Sills, Mon Jul 13 17:44:30 2020, 
2e54ef0926173bd3d75077b0e144cf01, Locality 1, ad69ae6690c55306b5d801fb2d6ba6dc, 695526.05200594, 5326201.20958534, 48.05910398, -90.37575374, 15U, 3.67909240, 4.50431084, -1.00000000, Flow Banding, 13.06889820, 212.72280884, 122.72280884, -2.69737244, Logan Sills, Mon Jul 13 17:44:06 2020, 
2e54ef0926173bd3d75077b0e144cf01, Locality 1, 1c5b085dd5c6ec01e5cc39560a3c9892, 695526.05200594, 5326201.20958534, 48.05910398, -90.37575374, 15U, 3.67909240, 4.50431084, -1.00000000, Flow Banding, 11.11529064, 208.22987366, 118.22987366, -2.69737244, Logan Sills, Mon Jul 13 17:43:54 2020, 
2e54ef0926173bd3d75077b0e144cf01, Locality 1, 13112ed475e3abae7ee62889928aec14, 695526.05200594, 5326201.20958534, 48.05910398, -90.37575374, 15U, 3.67909240, 4.50431084, -1.00000000, Flow Banding, 10.80928993, 196.29841614, 106.29841614, -2.69737244, Logan Sills, Mon Jul 13 17:43:45 2020, 
2e54ef0926173bd3d75077b0e144cf01, Locality 1, bd335a0ba9ae25da74cd27766d3e8dc8, 695526.05200594, 5326201.20958534, 48.05910398, -90.37575374, 15U, 3.67909240, 4.50431084, -1.00000000, Flow Banding, 7.27485991, 181.96778870, 91.96778870, -2.69737244, Logan Sills, Mon Jul 13 17:43:01 2020, 
2e54ef0926173bd3d75077b0e144cf01, Locality 1, 7e7b90f576b7824ae3cd98d19a188a7f, 695526.05200594, 5326201.20958534, 48.05910398, -90.37575374, 15U, 3.67909240, 4.50431084, -1.00000000, Flow Banding, 15.00192356, 196.39176941, 106.39176941, -2.69737244, Logan Sills, Mon Jul 13 17:42:54 2020, 
2e54ef0926173bd3d75077b0e144cf01, Locality 1, 227d95f69d0e54ab8e1cdf4b49eef0bc, 695526.05200594, 5326201.20958534, 48.05910398, -90.37575374, 15U, 3.67909240, 4.50431084, -1.00000000, Flow Banding, 5.73446751, 193.42100525, 103.42100525, -2.69737244, Logan Sills, Mon Jul 13 17:42:48 2020, 
2e54ef0926173bd3d75077b0e144cf01, Locality 1, a403884bf09fe0d7116f9cfe90a8e0dc, 694772.23041382, 5327591.17606184, 48.07182713, -90.38522710, 15U, 3.08641089, 5.30132601, -1.00000000, Columnar Joint, 80.79910278, 91.94061279, 1.94061279, -2.69737244, Logan Sills, Mon Jul 13 15:48:29 2020, 
2e54ef0926173bd3d75077b0e144cf01, Locality 1, 3ceb22404751007cb9c3d52958b77165, 694774.05710897, 5327592.08855546, 48.07183477, -90.38520219, 15U, 2.91319136, 5.72966811, -1.00000000, Columnar Joint, 86.81623077, 15.91759014, 285.91760254, -2.69737244, Logan Sills, Mon Jul 13 15:48:21 2020, 
2e54ef0926173bd3d75077b0e144cf01, Locality 1, 094f441bd8fa7f4199c47e44f8fedda2, 694775.27581388, 5327597.09608340, 48.07187940, -90.38518356, 15U, 12.45886195, 17.23038900, -1.00000000, Flow Banding, 14.91833782, 183.85964966, 93.85964966, -2.69737244, Logan Sills, Mon Jul 13 15:42:39 2020,  
2e54ef0926173bd3d75077b0e144cf01, Locality 1, 7b81f02173463ca1eafd56bcb3a5b3f9, 694769.08399431, 5327608.13631439, 48.07198052, -90.38526156, 15U, 2.81522131, 5.70015205, -1.00000000, Flow Banding, 8.81228542, 194.76817322, 104.76817322, -2.69737244, Logan Sills, Mon Jul 13 15:40:53 2020, 
2e54ef0926173bd3d75077b0e144cf01, Locality 1, 89f4f2aae966656a6e2d5827495372f3, 694772.68181835, 5327598.96067372, 48.07189695, -90.38521750, 15U, 17.61520014, 13.98785553, -1.00000000, Flow Banding, 9.78386021, 213.75595093, 123.75595093, -2.69737244, Logan Sills, Mon Jul 13 15:40:40 2020, 
2e54ef0926173bd3d75077b0e144cf01, Locality 1, 67b9961098d4d421a9c0f96149e6cc62, 694758.72086637, 5327613.32738018, 48.07203034, -90.38539817, 15U, 11.21807249, 17.83407712, -1.00000000, Columnar Joint, 89.00000000, 18.06208801, 288.06207275, -2.69737244, Logan Sills, Mon Jul 13 15:40:25 2020, 
2e54ef0926173bd3d75077b0e144cf01, Locality 1, 06f07ea6bd4c6cd44637ca1743b6e2e1, 694752.76679266, 5327620.25216764, 48.07209440, -90.38547486, 15U, 12.20794558, 28.18672633, -1.00000000, Columnar Joint, 77.78706360, 87.49566650, 357.49566650, -2.69737244, Logan Sills, Mon Jul 13 15:40:18 2020, 
2e54ef0926173bd3d75077b0e144cf01, Locality 1, ea04a1f5a33c9b7856326e41d62fb672, 694760.29626484, 5327609.10069046, 48.07199187, -90.38537897, 15U, 2.41256688, 5.29188606, -1.00000000, Columnar Joint, 79.63062286, 8.34551048, 278.34552002, -2.69737244, Logan Sills, Mon Jul 13 15:38:56 2020, 
2e54ef0926173bd3d75077b0e144cf01, Locality 1, cbec6f0709df762715201eba001c4314, 694761.03654175, 5327612.72102638, 48.07202418, -90.38536739, 15U, 2.94874952, 5.01292462, -1.00000000, Columnar Joint, 78.64424896, 17.05361557, 287.05361938, -2.69737244, Logan Sills, Mon Jul 13 15:38:48 2020, 
2e54ef0926173bd3d75077b0e144cf01, Locality 1, 4fcb22bc0202fdae9958b38983b4603d, 694761.01627153, 5327611.23152717, 48.07201080, -90.38536834, 15U, 2.60805953, 5.19832305, -1.00000000, Columnar Joint, 87.09379578, 108.90777588, 18.90777588, -2.69737244, Logan Sills, Mon Jul 13 15:38:41 2020, 
2e54ef0926173bd3d75077b0e144cf01, Locality 1, dfbed4fa3e40f3fd55936155d3525891, 694762.65784071, 5327606.20368657, 48.07196511, -90.38534862, 15U, 13.55777373, 12.77303431, -1.00000000, Flow Banding, 15.77787018, 225.16703796, 135.16703796, -2.69737244, Logan Sills, Mon Jul 13 15:38:24 2020, 
2e54ef0926173bd3d75077b0e144cf01, Locality 1, b6dc1e42cd8c1f958c10b31e3bf2b9a8, 694761.15913061, 5327611.93822390, 48.07201711, -90.38536611, 15U, 14.66286892, 18.54956028, -1.00000000, Flow Banding, 11.94148445, 234.99082947, 144.99082947, -2.69737244, Logan Sills, Mon Jul 13 15:38:09 2020, 
2e54ef0926173bd3d75077b0e144cf01, Locality 1, 6b42cca73f54a6c750e975be6e524073, 694763.34457593, 5327605.72932500, 48.07196064, -90.38533963, 15U, 19.12837000, 25.13557889, -1.00000000, Columnar Joint, 83.64472198, 120.84709167, 30.84709167, -2.69737244, Logan Sills, Mon Jul 13 15:26:30 2020, 
2e54ef0926173bd3d75077b0e144cf01, Locality 1, 6542ef7063981ae0f8fed292b500c9a9, 694768.66882940, 5327599.69457331, 48.07190478, -90.38527098, 15U, 3.23237117, 5.13481161, -1.00000000, Flow Banding, 16.38232422, 221.00143433, 131.00143433, -2.69737244, Logan Sills, Mon Jul 13 15:22:40 2020, 
2e54ef0926173bd3d75077b0e144cf01, Locality 1, f120b9fef9a54b7106ab47e178cd5695, 694772.21920447, 5327603.44334555, 48.07193738, -90.38522166, 15U, 3.42229114, 5.89032043, -1.00000000, Flow Banding, 22.59826660, 196.75486755, 106.75486755, -2.69737244, Logan Sills, Mon Jul 13 15:22:26 2020, 
2e54ef0926173bd3d75077b0e144cf01, Locality 1, d436a58397fc22231168c3d2e11775d7, 694767.99845501, 5327605.57322386, 48.07195782, -90.38527729, 15U, 3.48401515, 6.33824732, -1.00000000, Flow Banding, 14.88648891, 191.88737488, 101.88737488, -2.69737244, Logan Sills, Mon Jul 13 15:22:13 2020, 
2e54ef0926173bd3d75077b0e144cf01, Locality 1, 3943e03284e60ab69fcbc9d2f5c4775e, 694773.08949630, 5327607.14278405, 48.07197037, -90.38520830, 15U, 3.32503562, 5.27045133, -1.00000000, Columnar Joint, 79.06311035, 4.76518965, 274.76519775, -2.69737244, Logan Sills, Mon Jul 13 15:21:32 2020, 
2e54ef0926173bd3d75077b0e144cf01, Locality 1, a168f1826db5b23467db76f77ad52d30, 694770.81148207, 5327603.62363423, 48.07193944, -90.38524045, 15U, 10.78497005, 8.38107555, -1.00000000, Columnar Joint, 81.56319427, 95.38938904, 5.38938904, -2.69737244, Logan Sills, Mon Jul 13 15:21:01 2020, 
2e54ef0926173bd3d75077b0e144cf01, Locality 1, f2977554a718506d60baf0a5ca8a4924, 694763.17791169, 5327609.41969085, 48.07199386, -90.38534018, 15U, 14.12493748, 11.83525378, -1.00000000, Columnar Joint, 72.81855774, 9.50638962, 279.50640869, -2.69737244, Logan Sills, Mon Jul 13 15:20:53 2020, 
2e54ef0926173bd3d75077b0e144cf01, Locality 1, 52781f56edbeb7f386d2e098868328bf, 694760.78526396, 5327610.07859181, 48.07200051, -90.38537197, 15U, 20.72891879, 19.40170857, -1.00000000, Columnar Joint, 79.10558319, 2.02736783, 272.02737427, -2.69737244, Logan Sills, Mon Jul 13 15:20:39 2020, 
2e54ef0926173bd3d75077b0e144cf01, Locality 1, 7e29c148f3817da390ff37408e868207, 694770.89364923, 5327600.29689102, 48.07190951, -90.38524087, 15U, 79.82008238, 79.68145154, -1.00000000, Columnar Joint, 77.56735992, 88.47181702, 358.47180176, -2.69737244, Logan Sills, Mon Jul 13 15:20:30 2020, 
2e54ef0926173bd3d75077b0e144cf01, Locality 1, 0c0ad9154d99d91d319de7b073811c20, 694773.96498960, 5327590.21552735, 48.07181796, -90.38520427, 15U, 3.51735687, 6.12514746, -1.00000000, Columnar Joint, 81.24622345, 351.03588867, 261.03588867, -2.69737244, Logan Sills, Mon Jul 13 15:09:44 2020, 
2e54ef0926173bd3d75077b0e144cf01, Locality 1, f0859ef5b6e27ced160d40fed2993a08, 694769.37781008, 5327591.50070885, 48.07183092, -90.38526520, 15U, 3.42594951, 5.61913982, -1.00000000, Flow Banding, 18.78645515, 210.48849487, 120.48849487, -2.69737244, Logan Sills, Mon Jul 13 15:09:27 2020, 
2e54ef0926173bd3d75077b0e144cf01, Locality 1, 9c724d49b0cdf7b5dac73f5f360f33ce, 694772.73342327, 5327595.46905077, 48.07186556, -90.38521840, 15U, 11.62636098, 11.25166588, -1.00000000, Flow Banding, 11.91302109, 255.09907532, 165.09907532, -2.69737244, Logan Sills, Mon Jul 13 15:09:14 2020, 
2e54ef0926173bd3d75077b0e144cf01, Locality 1, 655170b6ec736a0d03e51a8779c7da03, 694772.58965538, 5327592.38496130, 48.07183788, -90.38522173, 15U, 12.11566139, 12.76361079, -1.00000000, Columnar Joint, 83.44430542, 3.33106685, 273.33105469, -2.69737244, Logan Sills, Mon Jul 13 15:09:03 2020, 
2e54ef0926173bd3d75077b0e144cf01, Locality 1, 4023dc79897b3bdc81c0b39323abb5ca, 694772.84287527, 5327595.87883172, 48.07186921, -90.38521674, 15U, 14.85422361, 22.90591256, -1.00000000, Columnar Joint, 82.49751282, 90.71452332, 0.71452332, -2.69737244, Logan Sills, Mon Jul 13 15:08:56 2020, 
2e54ef0926173bd3d75077b0e144cf01, Locality 1, 74ac2a8b40b76b947759d74256bed124, 694776.73481719, 5327587.72203969, 48.07179471, -90.38516827, 15U, 3.29937553, 5.65123691, -1.00000000, Columnar Joint, 80.26790619, 97.48003387, 7.48003387, -2.69737244, Logan Sills, Mon Jul 13 13:46:46 2020, 
2e54ef0926173bd3d75077b0e144cf01, Locality 1, 082fce56a98cf458c1f39a317f9a7337, 694779.81805844, 5327593.03395819, 48.07184151, -90.38512450, 15U, 9.19479978, 9.72297795, -1.00000000, Flow Banding, 9.10035324, 165.71748352, 75.71748352, -2.69737244, Logan Sills, Mon Jul 13 13:46:32 2020, 
2e54ef0926173bd3d75077b0e144cf01, Locality 1, d14028e1453aabffa59782748f89118d, 694778.21753816, 5327590.59010077, 48.07182003, -90.38514708, 15U, 3.55628677, 7.75986061, -1.00000000, Columnar Joint, 82.68732452, 99.04988098, 9.04988098, -2.69737244, Logan Sills, Mon Jul 13 13:45:17 2020, 
2e54ef0926173bd3d75077b0e144cf01, Locality 1, ca7e8ed09f8565eb7d1a6043fbad34e0, 694774.84320977, 5327594.07838140, 48.07185241, -90.38519074, 15U, 7.94551579, 11.05922113, -1.00000000, Flow Banding, 12.25903606, 263.10592651, 173.10592651, -2.69737244, Logan Sills, Mon Jul 13 13:44:52 2020, 
2e54ef0926173bd3d75077b0e144cf01, Locality 1, 0150ce5c86fef978cfd8ff2f5328837f, 694773.29560449, 5327599.07608164, 48.07189780, -90.38520921, 15U, 3.61956627, 7.28772631, -1.00000000, Flow Banding, 15.71345043, 191.86701965, 101.86701965, -2.69737244, Logan Sills, Mon Jul 13 13:42:31 2020, 
2e54ef0926173bd3d75077b0e144cf01, Locality 1, 14ee87e7ece2358416593306cb3ca5ce, 694774.30825104, 5327602.38759079, 48.07192726, -90.38519412, 15U, 3.13047293, 5.50882738, -1.00000000, Columnar Joint, 73.71617126, 357.49520874, 267.49520874, -2.69737244, Logan Sills, Mon Jul 13 13:42:18 2020, 
2e54ef0926173bd3d75077b0e144cf01, Locality 1, cfdd5926e15ce36b5641d9770fe61f26, 694776.89295680, 5327600.05790155, 48.07190553, -90.38516052, 15U, 8.93274567, 11.87978728, -1.00000000, Columnar Joint, 83.04676056, 77.96812439, 347.96813965, -2.69737244, Logan Sills, Mon Jul 13 13:42:07 2020, 
2e54ef0926173bd3d75077b0e144cf01, Locality 1, 476f87cbc649307eded226cb09fff607, 694773.14122576, 5327601.28843961, 48.07191774, -90.38521028, 15U, 8.88066621, 14.85802411, -1.00000000, Columnar Joint, 74.04710388, 12.63009357, 282.63009644, -2.69737244, Logan Sills, Mon Jul 13 13:42:02 2020, 
2e54ef0926173bd3d75077b0e144cf01, Locality 1, 381feac6d0e53f7f04dc414cffdc6988, 694775.51985094, 5327602.67107596, 48.07192944, -90.38517775, 15U, 8.93306002, 26.14950995, -1.00000000, Columnar Joint, 78.82703400, 94.95088196, 4.95088196, -2.69737244, Logan Sills, Mon Jul 13 13:41:47 2020, 
2e54ef0926173bd3d75077b0e144cf01, Locality 1, 1f7ab968299532b4534e072337a16eac, 694775.27256134, 5327599.36722294, 48.07189982, -90.38518257, 15U, 2.24433327, 5.55329822, -1.00000000, Flow Banding, 4.56474352, 187.58239746, 97.58239746, -2.69737244, Logan Sills, Mon Jul 13 13:40:50 2020, 
2e54ef0926173bd3d75077b0e144cf01, Locality 1, 28fd96f3e37a3fb7a6273f405db29b6c, 694772.07984044, 5327602.47317389, 48.07192871, -90.38522397, 15U, 13.82051389, 21.70791479, -1.00000000, Columnar Joint, 84.31809998, 154.55981445, 64.55981445, -2.69737244, Logan Sills, Mon Jul 13 13:40:30 2020, 
2e54ef0926173bd3d75077b0e144cf01, Locality 1, 6a82e572a0c4b516c7929d69c8b26335, 694773.78066641, 5327612.53113485, 48.07201859, -90.38519658, 15U, 32.51613191, 60.45505267, -1.00000000, Columnar Joint, 80.71747589, 142.96496582, 52.96496582, -2.69737244, Logan Sills, Mon Jul 13 13:40:22 2020, 
2e54ef0926173bd3d75077b0e144cf01, Locality 1, 49f8b16da632afc15cd58d90e1505eaf, 695337.33214743, 5328072.26042273, 48.07597812, -90.37742910, 15U, 10.11216695, 13.48047938, -1.00000000, Flow Banding, 18.66654015, 222.68449402, 132.68449402, -2.69737244, Logan Sills, Mon Jul 13 13:07:56 2020, 
2e54ef0926173bd3d75077b0e144cf01, Locality 1, de32831bf97e51f5be726e2bbe1da662, 695337.00684535, 5328073.91030804, 48.07599305, -90.37743271, 15U, 8.82596442, 12.35064654, -1.00000000, Columnar Joint, 79.48881531, 109.27111053, 19.27111053, -2.69737244, Logan Sills, Mon Jul 13 13:07:40 2020, 
2e54ef0926173bd3d75077b0e144cf01, Locality 1, de35a2ca61c4d2d2d2cd66355d096a4c, 695333.80145124, 5328077.41169109, 48.07602550, -90.37747410, 15U, 9.09103950, 17.20695965, -1.00000000, Columnar Joint, 69.44621277, 64.98771667, 334.98773193, -2.69737244, Logan Sills, Mon Jul 13 13:07:33 2020, 
2e54ef0926173bd3d75077b0e144cf01, Locality 1, 47fa907a943cb1a5cd7030188066319c, 695343.36589280, 5328099.95874695, 48.07622522, -90.37733552, 15U, 3.28384569, 4.96681463, -1.00000000, Flow Banding, 27.57301521, 243.93498230, 153.93498230, -2.69737244, Logan Sills, Mon Jul 13 13:05:25 2020, 
2e54ef0926173bd3d75077b0e144cf01, Locality 1, 0ea05fa2d16f045441511539436ec59a, 695345.05870729, 5328101.58854710, 48.07623935, -90.37731207, 15U, 3.31215620, 4.87996122, -1.00000000, Flow Banding, 10.02492905, 230.22891235, 140.22891235, -2.69737244, Logan Sills, Mon Jul 13 13:04:36 2020, 
2e54ef0926173bd3d75077b0e144cf01, Locality 1, 1c8e56132543a12842d3981ca9bcf495, 695347.88574073, 5328102.80214764, 48.07624939, -90.37727360, 15U, 2.91439626, 5.25163541, -1.00000000, Columnar Joint, 76.95394897, 89.85262299, 359.85263062, -2.69737244, Logan Sills, Mon Jul 13 13:04:24 2020, 
2e54ef0926173bd3d75077b0e144cf01, Locality 1, 591d55a41f48e1a1d1f942b27acbe977, 695342.12249720, 5328101.73670247, 48.07624158, -90.37735138, 15U, 10.44589503, 12.07918226, -1.00000000, Columnar Joint, 65.23004913, 77.77916718, 347.77917480, -2.69737244, Logan Sills, Mon Jul 13 13:04:11 2020, 
2e54ef0926173bd3d75077b0e144cf01, Locality 1, eddd5683d8a2fa1ea0ec75e9461c1449, 695340.91345814, 5328100.51548565, 48.07623097, -90.37736816, 15U, 13.03972531, 15.55565132, -1.00000000, Columnar Joint, 88.92626190, 56.08586502, 326.08587646, -2.69737244, Logan Sills, Mon Jul 13 13:04:06 2020, 
2e54ef0926173bd3d75077b0e144cf01, Locality 1, 02acfc3d0abbaba0fa18df08edba3c72, 695345.54963190, 5328111.77369532, 48.07633074, -90.37730083, 15U, 9.93438417, 12.24311438, -1.00000000, Columnar Joint, 83.04959106, 317.94644165, 227.94644165, -2.69737244, Logan Sills, Mon Jul 13 13:00:10 2020, 
2e54ef0926173bd3d75077b0e144cf01, Locality 1, 3307d7718bc094a938b0836a7db034b7, 695345.60683854, 5328112.64921416, 48.07633859, -90.37729967, 15U, 10.50948283, 11.24138743, -1.00000000, Columnar Joint, 85.90682220, 85.77659607, 355.77661133, -2.69737244, Logan Sills, Mon Jul 13 13:00:03 2020, 
2e54ef0926173bd3d75077b0e144cf01, Locality 1, f581f2d860e4b7a764892450d128c5d1, 695343.14169748, 5328118.98320294, 48.07639627, -90.37732983, 15U, 7.54577845, 8.28933060, -1.00000000, Columnar Joint, 89.00000000, 4.05648327, 274.05648804, -2.69737244, Logan Sills, Mon Jul 13 12:57:11 2020, 
2e54ef0926173bd3d75077b0e144cf01, Locality 1, 86458e230f2ffab19e5b1d9be792f9d8, 695344.27817790, 5328117.67344783, 48.07638415, -90.37731519, 15U, 8.87147749, 14.29804034, -1.00000000, Columnar Joint, 78.21156311, 106.22702026, 16.22702026, -2.69737244, Logan Sills, Mon Jul 13 12:57:06 2020, 
2e54ef0926173bd3d75077b0e144cf01, Locality 1, 5d854f750267f8a58dabdd7a36de32e2, 695344.30843032, 5328113.83329346, 48.07634963, -90.37731654, 15U, 9.51978112, 15.78997647, -1.00000000, Flow Banding, 22.58742523, 235.41535950, 145.41535950, -2.69737244, Logan Sills, Mon Jul 13 12:55:45 2020, 
2e54ef0926173bd3d75077b0e144cf01, Locality 1, 02c76fa23a8f225fb00476d2d9166704, 695346.98781448, 5328101.73940780, 48.07624011, -90.37728613, 15U, 3.20958957, 4.85005895, -1.00000000, Columnar Joint, 65.91030884, 83.20941925, 353.20941162, -2.69737244, Logan Sills, Mon Jul 13 12:54:29 2020, 
2e54ef0926173bd3d75077b0e144cf01, Locality 1, c56081cd80ec607ea0a1bc7861874a03, 695346.71524275, 5328101.92367847, 48.07624185, -90.37728970, 15U, 3.16715380, 5.16638436, -1.00000000, Columnar Joint, 87.24391937, 139.55517578, 49.55517578, -2.69737244, Logan Sills, Mon Jul 13 12:54:25 2020, 
2e54ef0926173bd3d75077b0e144cf01, Locality 1, bbf93e6e0a1f7ef372df64755aedaaa7, 695345.25522850, 5328104.59942323, 48.07626635, -90.37730806, 15U, 3.37575170, 4.73590937, -1.00000000, Flow Banding, 21.28049850, 234.99859619, 144.99859619, -2.69737244, Logan Sills, Mon Jul 13 12:54:01 2020, 
2e54ef0926173bd3d75077b0e144cf01, Locality 1, e8acedfff57b8b642b9bba50dae39956, 695338.63945133, 5328093.68060833, 48.07617024, -90.37740178, 15U, 3.65678011, 4.67696054, -1.00000000, Columnar Joint, 85.82781219, 29.72926712, 299.72927856, -2.69737244, Logan Sills, Mon Jul 13 12:52:07 2020, 
2e54ef0926173bd3d75077b0e144cf01, Locality 1, cec739e5493d1ba0399fe4f0b268575f, 695334.89919104, 5328091.39301552, 48.07615083, -90.37745299, 15U, 3.75829555, 5.72381371, -1.00000000, Columnar Joint, 87.18243408, 23.22805023, 293.22805786, -2.69737244, Logan Sills, Mon Jul 13 12:51:54 2020, 
2e54ef0926173bd3d75077b0e144cf01, Locality 1, f62512124d38f15dac3fcad67991e3b9, 695334.98200600, 5328089.86227867, 48.07613704, -90.37745258, 15U, 3.37496466, 4.84042303, -1.00000000, Columnar Joint, 84.48483276, 107.42105103, 17.42105103, -2.69737244, Logan Sills, Mon Jul 13 12:51:08 2020, 
2e54ef0926173bd3d75077b0e144cf01, Locality 1, 0a9011a06b66c53188f55606d760dab9, 695334.53675833, 5328087.55743408, 48.07611646, -90.37745960, 15U, 3.55575897, 5.23462389, -1.00000000, Columnar Joint, 80.39453888, 290.61105347, 200.61105347, -2.69737244, Logan Sills, Mon Jul 13 12:51:00 2020, 
2e54ef0926173bd3d75077b0e144cf01, Locality 1, 25327789d8f9458b8515d53eebfc8c5a, 695336.69191642, 5328086.54721476, 48.07610672, -90.37743116, 15U, 8.64145145, 10.34920432, -1.00000000, Flow Banding, 15.80766869, 206.10231018, 116.10231018, -2.69737244, Logan Sills, Mon Jul 13 12:50:30 2020, 
2e54ef0926173bd3d75077b0e144cf01, Locality 1, 2f616abcb91fcff519ad96ae84620988, 695335.62153410, 5328084.67282538, 48.07609021, -90.37744637, 15U, 11.37428740, 19.12883690, -1.00000000, Columnar Joint, 80.02335358, 71.44872284, 341.44873047, -2.69737244, Logan Sills, Mon Jul 13 12:50:13 2020, 
2e54ef0926173bd3d75077b0e144cf01, Locality 1, 71d4055b51b6fda8544e61fac289ef5d, 695328.66456937, 5328093.17277572, 48.07616873, -90.37753579, 15U, 10.52257599, 30.75446449, -1.00000000, Columnar Joint, 83.07680511, 311.96350098, 221.96350098, -2.69737244, Logan Sills, Mon Jul 13 12:50:05 2020, 
2e54ef0926173bd3d75077b0e144cf01, Locality 1, abb678edb7a7b00d5ec70da703a63f1c, 695332.35832389, 5328082.48796289, 48.07607157, -90.37749113, 15U, 2.18498555, 7.30767695, -1.00000000, Columnar Joint, 76.68170166, 17.55850410, 287.55850220, -2.69737244, Logan Sills, Mon Jul 13 12:48:09 2020, 
2e54ef0926173bd3d75077b0e144cf01, Locality 1, 27799aa6a37b368c7cfef2279a005060, 695335.25448245, 5328082.05287402, 48.07606677, -90.37745249, 15U, 2.36283229, 8.49392963, -1.00000000, Columnar Joint, 81.47456360, 356.11410522, 266.11410522, -2.58199692, Logan Sills, Mon Jul 13 12:47:30 2020, 
2e54ef0926173bd3d75077b0e144cf01, Locality 1, d8561f1e7056f90a47db9ef7abf4d682, 695335.50475166, 5328081.92984148, 48.07606559, -90.37744919, 15U, 2.43370157, 10.75810771, -1.00000000, Columnar Joint, 77.32806396, 347.49288940, 257.49288940, -2.58199692, Logan Sills, Mon Jul 13 12:47:22 2020, 
2e54ef0926173bd3d75077b0e144cf01, Locality 1, ee05018a99747263c0a3e8554e071db3, 695338.12359775, 5328082.67664925, 48.07607150, -90.37741373, 15U, 2.26912065, 7.26729675, -1.00000000, Columnar Joint, 79.49542999, 30.38045311, 300.38046265, -2.58199692, Logan Sills, Mon Jul 13 12:47:16 2020, 
2e54ef0926173bd3d75077b0e144cf01, Locality 1, 1d36d8394e71f1ab5f98ab7237929ef5, 695335.94523638, 5328082.31330091, 48.07606890, -90.37744311, 15U, 2.82366199, 6.41580271, -1.00000000, Columnar Joint, 78.42593384, 34.22009659, 304.22009277, -2.58199692, Logan Sills, Mon Jul 13 12:46:56 2020, 
2e54ef0926173bd3d75077b0e144cf01, Locality 1, c3298877c3766c8a5cc9dba4acc04a93, 695337.72609808, 5328083.14202272, 48.07607580, -90.37741884, 15U, 2.79122546, 5.82111760, -1.00000000, Columnar Joint, 78.95555115, 35.21038818, 305.21038818, -2.58199692, Logan Sills, Mon Jul 13 12:46:44 2020, 
2e54ef0926173bd3d75077b0e144cf01, Locality 1, 3250a46126046a3e68965d42633c232f, 695337.83242413, 5328075.21986315, 48.07600457, -90.37742104, 15U, 3.45838542, 4.79910484, -1.00000000, Flow Banding, 12.55534649, 187.22726440, 97.22726440, -2.58199692, Logan Sills, Mon Jul 13 12:46:06 2020, 
2e54ef0926173bd3d75077b0e144cf01, Locality 1, 6500d2c0f6e36a0c90532b239e3b0d4b, 695338.42395103, 5328076.43150154, 48.07601528, -90.37741255, 15U, 3.42858121, 4.69780458, -1.00000000, Flow Banding, 13.25806808, 203.62902832, 113.62902832, -2.58199692, Logan Sills, Mon Jul 13 12:42:53 2020, 
2e54ef0926173bd3d75077b0e144cf01, Locality 1, 0586e6e340b8a570a3adcb8e439c5193, 695338.05476790, 5328076.99717018, 48.07602047, -90.37741725, 15U, 3.35724057, 4.74904967, -1.00000000, Flow Banding, 22.44328880, 185.68537903, 95.68537903, -2.58199692, Logan Sills, Mon Jul 13 12:42:45 2020, 
2e54ef0926173bd3d75077b0e144cf01, Locality 1, 76f766b30988a7300efb303aac0d6630, 695338.94349209, 5328074.49477883, 48.07599771, -90.37740647, 15U, 3.34093159, 4.76053707, -1.00000000, Flow Banding, 15.22521877, 192.88624573, 102.88624573, -2.58199692, Logan Sills, Mon Jul 13 12:42:20 2020, 
2e54ef0926173bd3d75077b0e144cf01, Locality 1, 889e063cc272c93fe775c035cd68154e, 695338.83882411, 5328072.88852385, 48.07598331, -90.37740861, 15U, 3.31212008, 4.99227739, -1.00000000, Flow Banding, 18.81049156, 223.29281616, 133.29281616, -2.58199692, Logan Sills, Mon Jul 13 12:42:05 2020, 
2e54ef0926173bd3d75077b0e144cf01, Locality 1, 61fb0e35209001705da60192c07d78e6, 695336.31029147, 5328073.24420713, 48.07598728, -90.37744236, 15U, 3.03064265, 5.35578637, -1.00000000, Columnar Joint, 82.75479126, 129.97335815, 39.97335815, -2.58199692, Logan Sills, Mon Jul 13 12:41:49 2020, 
2e54ef0926173bd3d75077b0e144cf01, Locality 1, b9dcfd2e1b9edc2025f3e546e0bf1ba2, 695333.53101622, 5328073.86652021, 48.07599372, -90.37747935, 15U, 2.92700242, 5.89215016, -1.00000000, Columnar Joint, 70.30252838, 7.75883961, 277.75885010, -2.58199692, Logan Sills, Mon Jul 13 12:41:43 2020, 
2e54ef0926173bd3d75077b0e144cf01, Locality 1, c0c86a0452d3d6e66d4ab5192284a222, 695338.60444051, 5328072.39466969, 48.07597894, -90.37741198, 15U, 2.23773768, 8.53816780, -1.00000000, Columnar Joint, 57.76810837, 67.92312622, 337.92312622, -2.58199692, Logan Sills, Mon Jul 13 12:41:38 2020, 
2e54ef0926173bd3d75077b0e144cf01, Locality 1, 340b5a15bb73d74c5a67ea5bf6c2b2db, 695337.48273653, 5328071.60174120, 48.07597216, -90.37742738, 15U, 2.29189996, 6.58214467, -1.00000000, Columnar Joint, 73.84037781, 95.31756592, 5.31756592, -2.58199692, Logan Sills, Mon Jul 13 12:41:33 2020, 
2e54ef0926173bd3d75077b0e144cf01, Locality 1, 4235723d8c7691cb368ed6311c6a1130, 695337.29782569, 5328075.89117927, 48.07601077, -90.37742790, 15U, 2.72846260, 5.94139664, -1.00000000, Columnar Joint, 74.59123230, 108.21822357, 18.21822357, -2.58199692, Logan Sills, Mon Jul 13 12:41:24 2020, 
2e54ef0926173bd3d75077b0e144cf01, Locality 1, 1b57ce0cd575ae5eaa7fdb7af04c2d75, 695335.28428316, 5328075.20166584, 48.07600519, -90.37745522, 15U, 3.09871948, 5.03236242, -1.00000000, Columnar Joint, 74.97588348, 113.59304047, 23.59304047, -2.58199692, Logan Sills, Mon Jul 13 12:41:19 2020, 
2e54ef0926173bd3d75077b0e144cf01, Locality 1, c96e0b034e03f3c1ee5f3bc75f5fa793, 695333.35775641, 5328078.27571497, 48.07603340, -90.37747965, 15U, 3.13954794, 5.31323430, -1.00000000, Columnar Joint, 75.95024872, 119.64416504, 29.64416504, -2.58199692, Logan Sills, Mon Jul 13 12:41:09 2020, 
2e54ef0926173bd3d75077b0e144cf01, Locality 1, a54f59b5d3eca32ba6e1c5045c19c224, 695334.72514617, 5328077.71269539, 48.07602793, -90.37746157, 15U, 2.98233083, 5.52164388, -1.00000000, Columnar Joint, 62.28423309, 48.60870743, 318.60870361, -2.58199692, Logan Sills, Mon Jul 13 12:41:03 2020, 
2e54ef0926173bd3d75077b0e144cf01, Locality 1, 33a940ff4d6e46c070720d187f070a57, 695346.66079520, 5328065.96051092, 48.07591864, -90.37730687, 15U, 3.74685491, 4.44810244, -1.00000000, Flow Banding, 12.84373569, 167.31463623, 77.31463623, -2.58199692, Logan Sills, Mon Jul 13 12:38:28 2020, 
2e54ef0926173bd3d75077b0e144cf01, Locality 1, f5e9a19614f6ddfea9c39155dcbe93d6, 695340.10600687, 5328065.05126292, 48.07591248, -90.37739520, 15U, 10.57642461, 9.53224347, -1.00000000, Flow Banding, 21.54755783, 207.73876953, 117.73876953, -2.58199692, Logan Sills, Mon Jul 13 12:37:59 2020, 
2e54ef0926173bd3d75077b0e144cf01, Locality 1, cb0b002e071a6575a67ef49b321961e5, 691771.79139743, 5289189.63112833, 47.72757131, -90.44253278, 15T, 3.43374969, 4.69402813, -1.00000000, Bedding, 9.82392120, 146.68685913, 56.68685913, -2.58199692, Cutface Creek sandstone, Sun Jul 12 18:11:11 2020, 
2e54ef0926173bd3d75077b0e144cf01, Locality 1, 9a8bfa62d2c75dc3f978828456b765bd, 691767.04217250, 5289191.23187512, 47.72758711, -90.44259535, 15T, 3.43951219, 4.68980734, -1.00000000, Bedding, 11.81748009, 146.50692749, 56.50692749, -2.58199692, Cutface Creek sandstone, Sun Jul 12 18:10:40 2020, 
2e54ef0926173bd3d75077b0e144cf01, Locality 1, 6edd1d856480a1a6a83a8632f358d3bc, 691767.18296158, 5289190.70097177, 47.72758229, -90.44259370, 15T, 14.85828039, 16.19160583, -1.00000000, Bedding, 6.73415518, 177.58064270, 87.58064270, -2.58199692, Cutface Creek sandstone, Sun Jul 12 18:09:59 2020, 
2e54ef0926173bd3d75077b0e144cf01, Locality 1, eb2d06c4266be4446eafeeed1c0ee0b0, 691757.31228942, 5289151.39627777, 47.72723193, -90.44274251, 15T, 3.47526029, 4.66337892, -1.00000000, Bedding, 10.03072834, 190.22015381, 100.22015381, -2.58199692, Cutface Creek sandstone, Sun Jul 12 12:37:26 2020, 
2e54ef0926173bd3d75077b0e144cf01, Locality 1, fa3fe79284502f7f46203b579138acf1, 691761.56153705, 5289179.05023410, 47.72747924, -90.44267372, 15T, 3.46268282, 4.67272562, -1.00000000, Bedding, 8.42308331, 169.59596252, 79.59596252, -2.58199692, Cutface Creek sandstone, Sun Jul 12 12:35:21 2020, 
2e54ef0926173bd3d75077b0e144cf01, Locality 1, 5be0558bc2570429b8df3054a22029e8, 691766.11038441, 5289177.57711315, 47.72746465, -90.44261377, 15T, 3.50666072, 4.73966081, -1.00000000, Bedding, 11.17054081, 147.13359070, 57.13359070, -2.58199692, Cutface Creek sandstone, Sun Jul 12 12:34:56 2020, 
2e54ef0926173bd3d75077b0e144cf01, Locality 1, a1ac4f78b4cf47bc6057a346b59f3f49, 691760.22066049, 5289195.84181787, 47.72763057, -90.44268419, 15T, 3.58875958, 4.57660810, -1.00000000, Bedding, 10.99884987, 146.83534241, 56.83534241, -2.58199692, Cutface Creek sandstone, Sun Jul 12 12:30:30 2020, 
2e54ef0926173bd3d75077b0e144cf01, Locality 1, 9b5a9beaea8d105d27a0c8f72f1bb888, 691758.13500166, 5289194.80556133, 47.72762187, -90.44271244, 15T, 3.54633045, 4.60956369, -1.00000000, Bedding, 11.66170406, 149.25575256, 59.25575256, -2.58199692, Cutface Creek sandstone, Sun Jul 12 12:29:40 2020, 
2e54ef0926173bd3d75077b0e144cf01, Locality 1, 78d665eed1635e381e594170d03a7a37, 691756.79986523, 5289217.31433083, 47.72782459, -90.44272031, 15T, 3.46279408, 4.67264317, -1.00000000, Bedding, 9.59372711, 170.14193726, 80.14193726, -2.58199692, Cutface Creek sandstone, Sun Jul 12 12:26:40 2020, 
2e54ef0926173bd3d75077b0e144cf01, Locality 1, 7da9dd8f5473f50af63d87b5a1fe58a8, 691763.35244150, 5289230.42050022, 47.72794045, -90.44262725, 15T, 3.46241533, 4.67292383, -1.00000000, Bedding, 7.91726732, 167.18180847, 77.18180847, -2.58199692, Cutface Creek sandstone, Sun Jul 12 12:25:28 2020, 
2e54ef0926173bd3d75077b0e144cf01, Locality 1, f90b476ac4dc73480c9f73f12d42883e, 691808.53558988, 5289468.41749148, 47.73006630, -90.44192048, 15T, 3.72693671, 5.63524771, -1.00000000, Bedding, 9.59704208, 153.30511475, 63.30511475, -2.58199692, Cutface Creek sandstone, Sun Jul 12 12:03:38 2020, 
2e54ef0926173bd3d75077b0e144cf01, Locality 1, eb80f9d157d5381357a95fde2cb2b53d, 691783.43507040, 5289328.93377837, 47.72881999, -90.44231632, 15T, 9.12830081, 8.94087259, -1.00000000, Bedding, 13.16544819, 178.56303406, 88.56303406, -2.58199692, Cutface Creek sandstone, Sun Jul 12 11:40:42 2020, 
2e54ef0926173bd3d75077b0e144cf01, Locality 1, bf2edc0d8813c9a8ec6f8d6d5a2e8f47, 691776.27870525, 5289321.35146020, 47.72875396, -90.44241500, 15T, 3.44675925, 4.68448372, -1.00000000, Bedding, 9.21060371, 191.69406128, 101.69406128, -2.58199692, Cutface Creek sandstone, Sun Jul 12 11:39:18 2020, 
2e54ef0926173bd3d75077b0e144cf01, Locality 1, f2cbe3ae93edebfe81d4e4db904c3207, 691774.60481680, 5289342.44997876, 47.72894410, -90.44242801, 15T, 3.38374076, 4.73020460, -1.00000000, Bedding, 9.52032280, 158.70309448, 68.70309448, -2.58199692, Cutface Creek sandstone, Sun Jul 12 11:37:45 2020, 
2e54ef0926173bd3d75077b0e144cf01, Locality 1, 7e55f45f283411472e997134c2af9294, 691751.71100539, 5289112.32714705, 47.72688241, -90.44283433, 15T, 8.77676257, 9.12808826, -1.00000000, Fault, 46.23065186, 356.41799927, 266.41799927, -2.58199692, Cutface Creek sandstone, Sat Jul 11 19:01:05 2020, 
2e54ef0926173bd3d75077b0e144cf01, Locality 1, d0a99c574ceb8e84a59abdb383d1530e, 691875.59622337, 5289507.08517800, 47.73039394, -90.44101000, 15T, 3.31111008, 4.78132692, -1.00000000, Bedding, 8.46681118, 166.28952026, 76.28952026, -2.58199692, Cutface Creek sandstone, Sat Jul 11 16:41:31 2020, 
2e54ef0926173bd3d75077b0e144cf01, Locality 1, bcc120d3c8154fda471db9c3fd3218ca, 691879.09175999, 5289504.66289326, 47.73037112, -90.44096450, 15T, 12.75022120, 8.00040794, -1.00000000, Bedding, 10.31413746, 167.27946472, 77.27946472, -2.58199692, Cutface Creek sandstone, Sat Jul 11 16:41:16 2020, 
2e54ef0926173bd3d75077b0e144cf01, Locality 1, 39cab6ed93e96cda7d4353fafa3c591d, 691761.37586247, 5289498.51270797, 47.73035083, -90.44253553, 15T, 3.62030477, 4.90162821, -1.00000000, Bedding, 11.10081291, 162.97273254, 72.97273254, -2.58199692, Cutface Creek sandstone, Fri Jul 10 17:20:36 2020, 
2e54ef0926173bd3d75077b0e144cf01, Locality 1, 5c34c6dacab19489ec71038fe7cd5505, 691756.99887408, 5289493.76868829, 47.73030948, -90.44259593, 15T, 3.49192032, 5.10061927, -1.00000000, Bedding, 12.49996948, 175.61523438, 85.61523438, -2.58199692, Cutface Creek sandstone, Fri Jul 10 17:20:02 2020, 
2e54ef0926173bd3d75077b0e144cf01, Locality 1, d98e7fbeff2769330d81cc4d09638c54, 691758.93015300, 5289497.50227251, 47.73034247, -90.44256856, 15T, 3.61550638, 6.33832163, -1.00000000, Bedding, 10.75238228, 173.28993225, 83.28993225, -2.58199692, Cutface Creek sandstone, Fri Jul 10 17:19:48 2020, 
2e54ef0926173bd3d75077b0e144cf01, Locality 1, 3f51af2e6da611dc845579c181ab137c, 691766.47694173, 5289495.31598889, 47.73032058, -90.44246898, 15T, 3.56739785, 4.92912711, -1.00000000, Bedding, 10.90671635, 181.79461670, 91.79461670, -2.58199692, Cutface Creek sandstone, Fri Jul 10 17:19:35 2020, 
2e54ef0926173bd3d75077b0e144cf01, Locality 1, 7ad0f2303dbf942f9b129dd543683ed0, 691768.60297270, 5289568.42829087, 47.73097712, -90.44240846, 15T, 25.08294868, 2221.98702398, -1.00000000, Bedding, 8.62191296, 174.67063904, 84.67063904, -2.58199692, Cutface Creek sandstone, Fri Jul 10 16:09:04 2020, 
2e54ef0926173bd3d75077b0e144cf01, Locality 1, 938d3ed15916bde2dc66d5ed9c31f94a, 691772.56850518, 5289569.74584804, 47.73098779, -90.44235504, 15T, 4.02647491, 6.17846544, -1.00000000, Bedding, 7.68515873, 168.66894531, 78.66894531, -2.58199692, Cutface Creek sandstone, Fri Jul 10 16:07:18 2020, 
2e54ef0926173bd3d75077b0e144cf01, Locality 1, 96f719417f686629cad28417a9babfe5, 691771.00152864, 5289567.06289992, 47.73096414, -90.44237710, 15T, 3.95548086, 8.55004244, -1.00000000, Bedding, 8.82866096, 153.47778320, 63.47778320, -2.58199692, Cutface Creek sandstone, Fri Jul 10 16:07:10 2020, 
2e54ef0926173bd3d75077b0e144cf01, Locality 1, 046e014ad9d99c55a155d054ea191b0c, 691768.82596079, 5289566.19343174, 47.73095697, -90.44240647, 15T, 3.37548982, 4.82915683, -1.00000000, Bedding, 9.05712700, 168.19827271, 78.19827271, -2.58199692, Cutface Creek sandstone, Fri Jul 10 16:06:56 2020, 
2e54ef0926173bd3d75077b0e144cf01, Locality 1, a03cf6547ae10ed76042fd2a0ff4c57f, 691771.33757078, 5289573.70648403, 47.73102376, -90.44236970, 15T, 3.19291876, 4.86104997, -1.00000000, Bedding, 13.87564182, 172.30499268, 82.30499268, -2.58199692, Cutface Creek sandstone, Fri Jul 10 15:52:14 2020, 
2e54ef0926173bd3d75077b0e144cf01, Locality 1, 41d2a5af464a87a939f1c301f840caa5, 691771.83713110, 5289568.40798394, 47.73097598, -90.44236538, 15T, 3.29972613, 4.78919038, -1.00000000, Bedding, 12.24603271, 172.90943909, 82.90943909, -2.58199692, Cutface Creek sandstone, Fri Jul 10 15:52:05 2020, 
2e54ef0926173bd3d75077b0e144cf01, Locality 1, 0db7d588917531ef92fe5b1eeddab0e4, 691770.97905516, 5289566.42503941, 47.73095841, -90.44237768, 15T, 18.68769088, 8.65701392, -1.00000000, Bedding, 16.24070168, 169.75895691, 79.75895691, -2.58199692, Cutface Creek sandstone, Fri Jul 10 15:51:52 2020, 
2e54ef0926173bd3d75077b0e144cf01, Locality 1, e9f46e58b5f4d600dddb8edc5726badb, 691769.58916932, 5289567.44905776, 47.73096803, -90.44239575, 15T, 21.54913938, 11.90436668, -1.00000000, Bedding, 10.95558167, 163.89506531, 73.89506531, -2.58199692, Cutface Creek sandstone, Fri Jul 10 15:51:41 2020, 
2e54ef0926173bd3d75077b0e144cf01, Locality 1, cef664f74fcedbc290efece1de2eff41, 691772.54724379, 5289564.18282279, 47.73093779, -90.44235777, 15T, 21.81132509, 12.53106821, -1.00000000, Bedding, 14.38843060, 169.98258972, 79.98258972, -2.58199692, Cutface Creek sandstone, Fri Jul 10 15:51:34 2020, 
2e54ef0926173bd3d75077b0e144cf01, Locality 1, 9d214bc75441c80e3a9071b65d2ac685, 691789.65038643, 5289416.21546684, 47.72960269, -90.44219507, 15T, 3.38576484, 4.72875602, -1.00000000, Bedding, 10.15032005, 172.07635498, 82.07635498, -2.58199692, Cutface Creek sandstone, Fri Jul 10 13:51:45 2020, 
2e54ef0926173bd3d75077b0e144cf01, Locality 1, 91788a331824201db41fb6c4d4812b75, 691786.72270628, 5289412.35006357, 47.72956881, -90.44223578, 15T, 8.38799602, 11.20782424, -1.00000000, Bedding, 9.60103703, 171.92092896, 81.92092896, -2.58199692, Cutface Creek sandstone, Fri Jul 10 13:51:03 2020, 
2e54ef0926173bd3d75077b0e144cf01, Locality 1, b9f0da056c83a5e21abb0d76a6ff6fe5, 691773.61286655, 5289319.49233894, 47.72873804, -90.44245133, 15T, 3.43170664, 5.14181249, -1.00000000, Bedding, 9.90371990, 156.22511292, 66.22511292, -2.58199692, Cutface Creek sandstone, Fri Jul 10 13:48:42 2020, 
2e54ef0926173bd3d75077b0e144cf01, Locality 1, eeb0fe4887916e21808407284ecd03ff, 691770.26255072, 5289316.84182740, 47.72871521, -90.44249713, 15T, 3.40737867, 4.91883588, -1.00000000, Bedding, 11.55444622, 154.69000244, 64.69000244, -2.58199692, Cutface Creek sandstone, Fri Jul 10 13:48:15 2020, 
2e54ef0926173bd3d75077b0e144cf01, Locality 1, 5f732b0f0d66648ddf80a5d9778c8170, 691754.21240375, 5289152.91280305, 47.72724648, -90.44278314, 15T, 3.49751160, 4.80153520, -1.00000000, Bedding, 7.98424244, 162.40875244, 72.40875244, -2.58199692, Cutface Creek sandstone, Fri Jul 10 12:37:16 2020, 
2e54ef0926173bd3d75077b0e144cf01, Locality 1, 6f12a2b876eb2eca2bf41cc643fa8713, 691754.21240375, 5289152.91280305, 47.72724648, -90.44278314, 15T, 3.49751160, 4.80153520, -1.00000000, Bedding, 10.97744846, 165.62936401, 75.62936401, -2.58199692, Cutface Creek sandstone, Fri Jul 10 12:37:00 2020, 
2e54ef0926173bd3d75077b0e144cf01, Locality 1, d0cc350b5d54c3c24c7d466b0ee69550, 691751.60091771, 5289151.33959346, 47.72723312, -90.44281862, 15T, 3.52800849, 4.62360175, -1.00000000, Bedding, 10.38710499, 161.82173157, 71.82173157, -2.58199692, Cutface Creek sandstone, Fri Jul 10 12:35:42 2020, 
2e54ef0926173bd3d75077b0e144cf01, Locality 1, 68f0ee271121c53c651f2d39868ebf0b, 691756.35016761, 5289149.56159872, 47.72721572, -90.44275613, 15T, 3.49857390, 4.64591409, -1.00000000, Bedding, 8.12339878, 158.93594360, 68.93594360, -2.58199692, Cutface Creek sandstone, Fri Jul 10 12:35:30 2020, 
2e54ef0926173bd3d75077b0e144cf01, Locality 1, 348626d91907f65ac705cbd908bbe146, 691756.62975839, 5289142.01222735, 47.72714778, -90.44275573, 15T, 3.41235122, 5.36615010, -1.00000000, Bedding, 10.45114613, 157.35011292, 67.35011292, -2.58199692, Cutface Creek sandstone, Fri Jul 10 12:35:07 2020, 
2e54ef0926173bd3d75077b0e144cf01, Locality 1, 59311c4abdee1127046f8f27b710c946, 691756.06978026, 5289143.74923200, 47.72716356, -90.44276243, 15T, 3.49822096, 4.78077047, -1.00000000, Bedding, 9.41482830, 157.67628479, 67.67628479, -2.58199692, Cutface Creek sandstone, Fri Jul 10 12:34:51 2020, 
2e54ef0926173bd3d75077b0e144cf01, Locality 1, 744417b33ae4833ce8790d7a66c8421c, 691795.87562032, 5289499.62228522, 47.73035055, -90.44207540, 15T, 8.74403522, 6.14945409, -1.00000000, Bedding, 10.01535988, 169.01379395, 79.01379395, -2.58199692, Cutface Creek sandstone, Fri Jul 10 11:27:06 2020, This bedding measurement is exactly the same as one taken with a brunton by Blake and I. Nice consistency! Wavy-lamination fine-grained sandstone. 
2e54ef0926173bd3d75077b0e144cf01, Locality 1, 0c60610223c0fe5dc7604142ed679509, 691795.79279184, 5289506.18712282, 47.73040958, -90.44207362, 15T, 9.82737842, 6.77420942, -1.00000000, Bedding, 9.79356098, 171.50584412, 81.50584412, -2.58199692, Cutface Creek sandstone, Fri Jul 10 11:22:54 2020, 
2e54ef0926173bd3d75077b0e144cf01, Locality 1, 5e99ac3f9438c5a6e307b526cb1d8611, 691794.85195063, 5289507.68349499, 47.73042331, -90.44208549, 15T, 11.81657706, 16.14436415, -1.00000000, Bedding, 8.63517189, 182.12683105, 92.12683105, -2.58199692, Cutface Creek sandstone, Fri Jul 10 11:22:26 2020, 
2e54ef0926173bd3d75077b0e144cf01, Locality 1, 95e6240e8a3ce7a588d62563f58fb99b, 691801.83892288, 5289503.27304211, 47.73038159, -90.44199435, 15T, 16.23948379, 11.38084416, -1.00000000, Bedding, 8.94793606, 176.86428833, 86.86428833, -2.58199692, Cutface Creek sandstone, Fri Jul 10 11:21:33 2020, 
2e54ef0926173bd3d75077b0e144cf01, Locality 1, c8bd7994eff51c21a185693e4c9251ac, 691941.20877574, 5289620.18501671, 47.73139104, -90.44008599, 15T, 3.20820307, 4.85097620, -1.00000000, Bedding, 6.09366798, 185.34585571, 95.34585571, -2.58199692, Cutface Creek sandstone, Fri Jul 10 11:17:40 2020, 
2e54ef0926173bd3d75077b0e144cf01, Locality 1, 337ceaab25a5fe785af2e199cba8e2bf, 692373.70056335, 5289804.70817920, 47.73292088, -90.43424231, 15T, 3.41186960, 4.70995572, -1.00000000, Bedding, 11.23743629, 198.65002441, 108.65002441, -2.58199692, Good Harbor Bay andesite, Fri Jul 10 10:43:39 2020, 
2e54ef0926173bd3d75077b0e144cf01, Locality 1, d508b0edd33bd2e7f189cce4dad79502, 692370.02093937, 5289816.03275520, 47.73302377, -90.43428633, 15T, 21.74592694, 13.61486927, -1.00000000, Bedding, 7.83231401, 208.01611328, 118.01611328, -2.58199692, Good Harbor Bay andesite, Fri Jul 10 10:37:30 2020, Coarse-grained interflow sandstone
2e54ef0926173bd3d75077b0e144cf01, Locality 1, dc21069405346821c1f2b29735f6d697, 692372.60201765, 5289805.94048464, 47.73293228, -90.43425640, 15T, 8.42890682, 12.20332061, -1.00000000, Bedding, 9.93801880, 198.93838501, 108.93838501, -2.58199692, Good Harbor Bay andesite, Fri Jul 10 10:31:46 2020, Inter flow sandstone 
2e54ef0926173bd3d75077b0e144cf01, Locality 1, f9941bc7d28366e14b01873ad685e309, 692383.98121299, 5289812.09419172, 47.73298421, -90.43410207, 15T, 3.31558902, 4.77822211, -1.00000000, Bedding, 7.10585833, 203.81623840, 113.81623840, -2.58199692, Good Harbor Bay andesite, Fri Jul 10 10:30:08 2020, Inter flow sandstone 
2e54ef0926173bd3d75077b0e144cf01, Locality 1, 2c95e55d8592d09f61962475d20b3334, 692380.79258738, 5289810.58233106, 47.73297157, -90.43414522, 15T, 9.21930780, 7.79588299, -1.00000000, Bedding, 14.65479088, 156.97103882, 66.97103882, -2.58199692, Good Harbor Bay andesite, Fri Jul 10 10:25:06 2020, Inter flow sandstone 
